Title,Release Year,Distributor,Production,Longitude,Latitude
Chance Season 2,2017,Hulu,TVM Productions Inc.,-122.4058222,37.8023949
Red Widow,2013,American Broadcasting Company (ABC),Beyond Pix,-122.4110311,37.7927806
A Taiwanese Tale of Two Cities,2018,Netflix,Envision Productions Inc.,-122.3960343,37.7980698
Americana,2015,,Sutro Films LLC,-122.4484231,37.8029308
DEVS,2020,FX Network,Minim Productions,-122.4176189,37.800359
"Murder in the First, Season 1",2014,Turner Network Television (TNT),Turner North Center Productions,-122.4087417,37.7939662
I's,2011,,Banshee Cinema,-122.4027468,37.7887655
Sense8,2015,Netflix,"Unpronounceable Productions, LLC",-122.4188895,37.7735588
The Wedding Planner,2001,Sony Pictures Entertainment,Columbia Pictures,-122.4114139,37.7856667
Outerlands,2025,Wolfe Video,"Vajra Films, LLC",-122.4128578,37.7588804
Time After Time,1979,Columbia Broadcasting System (CBS),Orion Pictures Corp.,-122.4021715,37.792255
Terminator - Genisys,2015,Paramount Pictures,T5 Productions LLC,-122.4141357,37.7914291
Good NeighborSam,1964,Columbia Pictures,Columbia Pictures Corporation,-122.47709,37.8106117
A Taiwanese Tale of Two Cities,2018,Netflix,Envision Productions Inc.,-122.3954651,37.7613763
Americana,2015,,Sutro Films LLC,-122.4541486,37.7899951
Chance Season 2,2017,Hulu,TVM Productions Inc.,-122.4469681,37.7700202
Bullitt,1968,Warner Brothers,Warner Brothers / Seven Arts Seven Arts,-122.4919111,37.7211702
Blue Jasmine,2013,Sony Pictures Classics,Perdido Productions,-122.432185,37.805118
Chance- Season 1 ep102,2016,HULU,TVM Productions,-122.4384872,37.7701519
Goliath- Season 4,2021,Amazon Studios,"Picrow, Inc.",-122.402205,37.7927819
Looking Season 2 ep 205,2015,HBO,"Mission Street Productions, LLC",-122.4161084,37.7859698
Venom,2018,"Columbia Pictures, Sony Pictures Releasing","L.O.Z. Productions, Inc.",-122.4059209,37.7913348
Always Be My Maybe,2019,Netflix,"Isla Productions, LLC",-122.4685673,37.7698834
Burglar,1987,Warner Bros. Pictures,Warner Bros. Pictures,-122.4076706,37.7998719
I Am Michael,2015,,That’s Hollywood,-122.4212203,37.7735081
DEVS,2020,FX Network,Minim Productions,-122.4218564,37.7957972
Chance Season 2,2017,Hulu,TVM Productions Inc.,-122.439016,37.8066961
Chance- Season 1 ep102,2016,HULU,TVM Productions,-122.4102389,37.7730283
After the Hunt,2024,Amazon MGM Studios,Big Indie Helios Inc.,-122.411044,37.7919072
Ant-Man,2015,Walt Disney Studios Motion Pictures,"PYM Particles Productions, LLC",-122.4196461,37.8020026
Red Widow,2013,American Broadcasting Company (ABC),Beyond Pix,-122.3982731,37.7867835
How Stella Got Her Groove Back,1998,Twentieth Century Fox Film Corporation,Twentieth Century Fox Film Corporation,-122.4046809,37.785128
Can't Stop the Music,1980,Associated Film Distribution (AFD),EMI Films,-122.4034548,37.7681477
Dream with the Fishes,1997,Sony Pictures Classics,3 Ring Circus Films,-122.409821,37.808673
Nine Months,1995,Twentieth Century Fox Film Corp.,1492 Pictures,-122.4101808,37.8016649
Blue Jasmine,2013,Sony Pictures Classics,Perdido Productions,-122.4665485,37.7342903
Cardinal X,2015,,Fire Horse Film Productions LLC,-122.5053735,37.7415774
Basic Instinct,1992,TriStar Pictures,Carolco Pictures,-122.4320436,37.794945
The Presidio,1988,Paramount Pictures,Paramount Pictures,-122.4058222,37.8023949
Alive,2020,CBS,CBS Corporation - CBS Studios Inc./CBS Television Studios,-122.393008,37.755158
180,2011,,SPI Cinemas,-122.4192417,37.779275
Family Plot,1976,Universal Pictures,Universal Pictures,-122.4306231,37.7905422
Venom,2018,"Columbia Pictures, Sony Pictures Releasing","L.O.Z. Productions, Inc.",-122.3964729,37.7936658
Terminator - Genisys,2015,Paramount Pictures,T5 Productions LLC,-122.3948203,37.7941767
Terminator - Genisys,2015,Paramount Pictures,T5 Productions LLC,-122.3936136,37.7954425
Groove,2000,Sony Pictures Classics,415 Productions,-122.3845135,37.755198
Always Be My Maybe,2019,Netflix,"Isla Productions, LLC",-122.4164777,37.7794964
Surface Season 1,2022,Apple TV+,"Apple Studios, LLC",-122.4108452,37.7918443
Chance Season 2,2017,Hulu,TVM Productions Inc.,-122.4210043,37.8043856
Ant-Man and the Wasp: Quantumania,2023,Walt Disney Studios Motion Pictures,Pym Particles Production III LLC,-122.443956,37.7669343
Looking Season 2 ep 202,2015,HBO,"Mission Street Productions, LLC",-122.4332549,37.7690667
The Internship,2013,Twentieth Century Fox Film Corporation,Twentieth Century Fox Film Corporation,-122.3894682,37.7908723
Patch Adams,1998,Universal Pictures,Bungalow 78 Productions,-122.401987,37.7888172
Sense8,2015,Netflix,"Unpronounceable Productions, LLC",-122.4114405,37.758945
Looking Season 2 ep 210,2015,HBO,"Mission Street Productions, LLC",-122.4126175,37.758168
Junior,1994,Universal Pictures,Northern Lights Entertainment,-122.4199372,37.8045625
A Smile Like Yours,1997,Paramount Pictures,Paramount Pictures,-122.4133739,37.7918593
Blue Jasmine,2013,Sony Pictures Classics,Perdido Productions,-122.4413611,37.7925235
The Right Stuff,1983,The Ladd Company,The Ladd Company,-122.4204998,37.7074392
Women is Losers,2020,,Look at the Moon Pictures,-122.4083202,37.7529581
The Competition,1980,American Broadcasting Company (ABC),Columbia Pictures Corporation,-122.409821,37.808673
The Conversation,1974,Paramount Pictures,American Zoetrope,-122.4061984,37.7873324
Goliath- Season 4,2021,Amazon Studios,"Picrow, Inc.",-122.4495281,37.7582061
The Rock,1996,Buena Vista Pictures,Hollywood Pictures,-122.4148973,37.7959824
Tales of the City,2019,Netflix,Universal Television LLC,-122.4156925,37.7991835
GirlBoss,2017,Netflix,"Hippolyta Productions, LLC",-122.4266135,37.7608223
High Crimes,2002,Twentieth Century Fox Film Corporation,Twentieth Century Fox Film Corporation,-122.4000474,37.7910468
Stigmata,1999,Metro-Goldwyn Mayer Distributing,Metro-Goldwyn Mayer,-122.4031951,37.7609071
Dope Queens,2025,TBD,TomorrowLand Productions Co Inc.,-122.4186414,37.7861255
The Diary of a Teenage Girl,2015,Sony Pictures Classics,"Diary the Movie, LLC",-122.447707,37.7599053
Playing Mona Lisa,2000,Buena Vista Pictures,The Bubble Factory,-122.4602558,37.7726187
Guess Who's Coming to Dinner,1967,Columbia Pictures,Columbia Pictures Corporation,-122.4085114,37.7890687
Goliath- Season 4,2021,Amazon Studios,"Picrow, Inc.",-122.4506915,37.8064291
Chance Season 2,2017,Hulu,TVM Productions Inc.,-122.41375,37.80264
A View to a Kill,1985,MGM/UA Entertainment Company,Metro-Goldwyn Mayer,-122.4192417,37.779275
My Big Fat Chinese Christmas,2022,Hallmark Channel,Hongbao Productions,-122.398049,37.8015729
Memoirs of an Invisible Man,1992,Warner Bros. Pictures,Warner Bros. Pictures,-122.4096668,37.7930759
Freebie and the Bean,1974,American Broadcasting Company (ABC),Warner Bros. Pictures,-122.4100923,37.7923883
Dirty Harry,1971,Warner Brothers,The Malpaso Company,-122.4042071,37.7951279
A Night Full of Rain,1978,Warner Bros. Pictures,Liberty Film,-122.4074424,37.7977897
GirlBoss,2017,Netflix,"Hippolyta Productions, LLC",-122.4062533,37.8017817
Chance- Season 1 ep102,2016,HULU,TVM Productions,-122.411619,37.7962
Chance- Season 1 ep103,2016,HULU,TVM Productions,-122.4135414,37.7812278
By Hook or By Crook,2001,Artistic License,Steakhaus Productions,-122.4208052,37.7602662
Ballers Season 3,2017,HBO,"Chori Perros Productions, LLC",-122.4121403,37.7922657
Freebie and the Bean,1974,American Broadcasting Company (ABC),Warner Bros. Pictures,-122.3857003,37.7135483
The Last Black Man in San Francisco,2019,A24,"LBMISF, LLC",-122.38772,37.74244
Goliath- Season 4,2021,Amazon Studios,"Picrow, Inc.",-122.4106579,37.7931077
CSI: NY- episode 903,2012,Columbia Broadcasting System,CBS Television Studios,-122.4484231,37.8029308
Fat Man and Little Boy,1989,Paramount Pictures,Paramount Pictures,-122.4327231,37.7760676
"Murder in the First, Season 2",2015,Turner Network Television (TNT),Turner North Center Productions,-122.40602,37.79426
Chance Season 2,2017,Hulu,TVM Productions Inc.,-122.4453615,37.7702175
"Murder in the First, Season 2",2015,Turner Network Television (TNT),Turner North Center Productions,-122.4031929,37.7750493
Contagion,2011,Warner Bros. Pictures,The Keres Corporation,-122.4256574,37.7764574
Knife Fight,2013,Eagle Films,Divisadero Pictures & Knife Fight,-122.439016,37.8066961
The Candidate,1972,Warner Bros. Pictures,Redford-Ritchie Productions,-122.4087206,37.7877854
Milk,2008,Focus Features,Focus Features,-122.4246468,37.7437303
The Moon Is in Aquarius,2024,Deskpop Entertainment,TMIIAquarius Movie LLC,-122.4238283,37.8062338
Bullitt,1968,Warner Brothers,Warner Brothers / Seven Arts Seven Arts,-122.3911158,37.7918167
Nash Bridges,2021,USA Nework,"Village NB Productions, LLC",-122.4124596,37.7813691
San Andreas,2015,Warner Bros.,"Upside Down Productions, Inc.",-122.3907,37.78083
GirlBoss,2017,Netflix,"Hippolyta Productions, LLC",-122.4347365,37.7619917
Shit and Champagne,2020,,"Shaboom Boom, LLC",-122.4190634,37.7547213
Bitter Melon,2018,"ABS-CBN, Gravitas Ventures",Bitter Melon Film LLC/Mammoth Pictures,-122.4263764,37.7188451
Silicon Valley Season 4,2017,HBO,"Brown Hill Productions, LLC",-122.39484,37.77667
Venom,2018,"Columbia Pictures, Sony Pictures Releasing","L.O.Z. Productions, Inc.",-122.4074198,37.7997083
Time After Time,1979,Columbia Broadcasting System (CBS),Orion Pictures Corp.,-122.3998262,37.7946507
Junior,1994,Universal Pictures,Northern Lights Entertainment,-122.408083,37.793978
Attack of the Killer Tomatoes,1978,NAI Entertainment,Four Square Productions,-122.4210347,37.8068789
Invasion of the Body Snatchers,1978,United Artists,Solofilm,-122.4147491,37.7795066
The Princess Diaries,2001,Buena Vista Pictures,Walt Disney Pictures,-122.4316939,37.7163399
Copycat,1995,Warner Bros. Pictures,Regency Enterprises,-122.3874201,37.7872065
DEVS,2020,FX Network,Minim Productions,-122.4058947,37.7684814
Looking Season 2 ep 208,2015,HBO,"Mission Street Productions, LLC",-122.4100923,37.7923883
Star Trek VI: The Undiscovered Country,1991,Paramount Pictures,Paramount Pictures,-122.4785598,37.8199109
Sweet November,2001,Warner Bros. Pictures,Warner Bros. Pictures,-122.4254316,37.7872511
Bitter Melon,2018,"ABS-CBN, Gravitas Ventures",Bitter Melon Film LLC/Mammoth Pictures,-122.4144497,37.7719479
Blue Jasmine,2013,Sony Pictures Classics,Perdido Productions,-122.4647031,37.7408365
Sudden Impact,1983,Warner Bros. Pictures,Warner Bros. Pictures,-122.4103924,37.7915528
Etruscan Smile,2017,TBD,"Po Valley Productions, LLC",-122.3699786,37.825284
Etruscan Smile,2017,TBD,"Po Valley Productions, LLC",-122.392181,37.7930864
GirlBoss,2017,Netflix,"Hippolyta Productions, LLC",-122.4180833,37.7508916
Tales of the City,2019,Netflix,Universal Television LLC,-122.4331382,37.7643185
Dawn of the Planet of the Apes,2014,Twentieth Century Fox,"Fox Louisiana Productions, LLC",-122.40915,37.7924361
Super Pumped: The Battle for Uber,2022,Showtime,Possible Productions,-122.3996934,37.7859444
Chance- Season 1 ep103,2016,HULU,TVM Productions,-122.4625598,37.7831653
San Andreas,2015,Warner Bros.,"Upside Down Productions, Inc.",-122.4788979,37.8360614
"Looking ""Special""",2016,HBO,"Mission Street Productions, LLC",-122.4213183,37.7648449
The Dead Pool,1988,Warner Bros. Pictures,Warner Bros. Pictures,-122.3866097,37.760628
Chance Season 2,2017,Hulu,TVM Productions Inc.,-122.4199806,37.7583974
Sweet November,2001,Warner Bros. Pictures,Warner Bros. Pictures,-122.4000623,37.7980575
The Diary of a Teenage Girl,2015,Sony Pictures Classics,"Diary the Movie, LLC",-122.510734,37.7593921
What's Up Doc?,1972,Warner Bros. Pictures,Warner Bros. Pictures,-122.4077009,37.7847118
Ant-Man,2015,Walt Disney Studios Motion Pictures,"PYM Particles Productions, LLC",-122.4074424,37.7977897
GirlBoss,2017,Netflix,"Hippolyta Productions, LLC",-122.4207943,37.7629824
Birth of the Dragon,2016,Kylin Pictures,"BOTD U.S. Productions, Inc.",-122.4481679,37.7533798
Harold and Maude,1971,Paramount Pictures,Mildred Lewis and Colin Higgins Productions,-122.482977,37.7689203
Summertime,2015,6 Distribution,"Creative Monster Productions, Inc.",-122.4783452,37.7764605
Etruscan Smile,2017,TBD,"Po Valley Productions, LLC",-122.4050849,37.8008088
Alexander's Ragtime Band,1938,Twentieth Century Fox Film Corporation,Twentieth Century Fox Film Corporation,-122.4194155,37.7749295
Looking Season 2 ep 210,2015,HBO,"Mission Street Productions, LLC",-122.4187696,37.7554489
A Taiwanese Tale of Two Cities,2018,Netflix,Envision Productions Inc.,-122.4266135,37.7608223
Time After Time,1979,Columbia Broadcasting System (CBS),Orion Pictures Corp.,-122.4226335,37.8055598
Dirty Harry,1971,Warner Brothers,The Malpaso Company,-122.4041754,37.7761709
Etruscan Smile,2017,TBD,"Po Valley Productions, LLC",-122.4121241,37.7981774
The OA Part II,2019,Netflix,Lunar Mining LLC,-122.4434259,37.7466075
Pushing Dead,2016,TBD,"Pushing Dead , LLC",-122.4267984,37.7732968
The Princess Diaries,2001,Buena Vista Pictures,Walt Disney Pictures,-122.411412,37.7971782
High Anxiety,1977,Twentieth Century Fox Film Corporation,Twentieth Century Fox Film Corporation,-122.4602558,37.7726187
Parks and Recreation,2014,"NBC Universal Media, LLC","NBC Universal Media, LLC",-122.4212203,37.7735081
Dope Queens,2025,TBD,TomorrowLand Productions Co Inc.,-122.4098767,37.7876607
Superman,1978,Warner Bros. Pictures,Dovemead Films,-122.4785598,37.8199109
The Rock,1996,Buena Vista Pictures,Hollywood Pictures,-122.4100923,37.7923883
Terminator - Genisys,2015,Paramount Pictures,T5 Productions LLC,-122.4157509,37.8084354
Goliath- Season 4,2021,Amazon Studios,"Picrow, Inc.",-122.4073139,37.7986417
Sense8,2015,Netflix,"Unpronounceable Productions, LLC",-122.4149402,37.7612212
The Phone/Jexi,2019,Lionsgate,CBS Films Inc.,-122.4070356,37.7986865
Fearless,1993,Warner Bros. Pictures,Spring Creek Productions,-122.402597,37.7931137
The Pursuit of Happyness,2006,Columbia Pictures,Columbia Pictures Corporation,-122.4572935,37.7682469
Magnum Force,1973,Warner Bros. Pictures,The Malpaso Company,-122.4192417,37.779275
Shang-Chi and the Legend of the Ten Rings,2021,Disney/Marvel,Freelance Restorations LLC,-122.4134944,37.7878251
"Murder in the First, Season 2",2015,Turner Network Television (TNT),Turner North Center Productions,-122.3938338,37.7618033
The Matrix Resurrections,2021,Warner Brothers,"Adobe Pictures, Inc.",-122.4026072,37.7919161
"Budding Prospects, Pilot",2017,Amazon,Picrow Streaming Inc.,-122.4161326,37.7388562
The Phone/Jexi,2019,Lionsgate,CBS Films Inc.,-122.4076843,37.7998345
The Wedding Planner,2001,Sony Pictures Entertainment,Columbia Pictures,-122.4044922,37.8010458
Edtv,1999,MCA / Universal Pictures,Imagine Entertainment,-122.407305,37.799607
Tales of the City,2019,Netflix,Universal Television LLC,-122.435033,37.7608937
Freebie and the Bean,1974,American Broadcasting Company (ABC),Warner Bros. Pictures,-122.4149402,37.7612212
Star Trek IV: The Voyage Home,1986,Paramount Pictures,Paramount Pictures,-122.4089071,37.7994612
Blue Jasmine,2013,Sony Pictures Classics,Perdido Productions,-122.4447333,37.7933788
Mission (aka City of Bars),2001,NA,NA,-122.4241968,37.7630249
D.O.A,1950,United Artists,Cardinal Pictures,-122.4141247,37.7924899
Bedazzled,2000,Twentieth Century Fox Film Corp.,Twentieth Century Fox Film Corp.,-122.4185327,37.800134
Red Widow,2013,American Broadcasting Company (ABC),Beyond Pix,-122.4100057,37.79856
Etruscan Smile,2017,TBD,"Po Valley Productions, LLC",-122.4152084,37.7968006
The Graduate,1967,Embassy Pictures Corporation,Embassy Pictures Corporation,-122.3648992,37.8102258
Time After Time,1979,Columbia Broadcasting System (CBS),Orion Pictures Corp.,-122.3956663,37.7942169
Fremont,2023,Music Box Films,Fremont The Movie LLC,-122.4061592,37.7956724
Boys and Girls,2000,Dimension Films,Punch 21 Productions,-122.4058222,37.8023949
Nash Bridges,2021,USA Nework,"Village NB Productions, LLC",-122.4091939,37.7920536
My Big Fat Chinese Christmas,2022,Hallmark Channel,Hongbao Productions,-122.4093066,37.7860399
"Murder in the First, Season 2",2015,Turner Network Television (TNT),Turner North Center Productions,-122.41802,37.8056
Ant-Man and the Wasp: Quantumania,2023,Walt Disney Studios Motion Pictures,Pym Particles Production III LLC,-122.4099386,37.7987411
Looking Season 2 ep 209,2015,HBO,"Mission Street Productions, LLC",-122.4126175,37.758168
San Andreas,2015,Warner Bros.,"Upside Down Productions, Inc.",-122.3892168,37.7784136
Looking Season 2 ep 202,2015,HBO,"Mission Street Productions, LLC",-122.419019,37.783059
Americana,2015,,Sutro Films LLC,-122.4544114,37.7903388
I’m A Virgo,2023,Prime Video,Bing Bang Productions Inc,-122.4100923,37.7923883
Vertigo,1958,Paramount Pictures,Alfred J. Hitchcock Productions,-122.5008419,37.7844661
Pleasure of His Company,1961,Paramount Pictures,Perlsea Company,-122.4133739,37.7918593
The Diary of a Teenage Girl,2015,Sony Pictures Classics,"Diary the Movie, LLC",-122.4261039,37.7742084
Godzilla,2014,Warner Bros. Pictures,"Nautilus Productions, LLC",-122.4022487,37.7984316
A Jitney Elopement,1915,General Film Company,The Essanay Film Manufacturing Company,-122.42792,37.75826
DEVS,2020,FX Network,Minim Productions,-122.433214,37.769551
Etruscan Smile,2017,TBD,"Po Valley Productions, LLC",-122.4192417,37.779275
"Murder in the First, Season 2",2015,Turner Network Television (TNT),Turner North Center Productions,-122.3955818,37.7548219
The Internship,2013,Twentieth Century Fox Film Corporation,Twentieth Century Fox Film Corporation,-122.410476,37.811104
A Man on The Inside,2024,Netflix,"Universal Television, LLC",-122.4086079,37.7873909
Surface Season 1,2022,Apple TV+,"Apple Studios, LLC",-122.4108452,37.7918443
DEVS,2020,FX Network,Minim Productions,-122.3956409,37.7993521
The OA Part II,2019,Netflix,Lunar Mining LLC,-122.4175821,37.7846455
Etruscan Smile,2017,TBD,"Po Valley Productions, LLC",-122.4102081,37.7904395
Chance- Season 1 ep106,2016,HULU,TVM Productions,-122.4040634,37.7981354
"Play it Again, Sam",1972,Paramount Pictures,Paramount Pictures,-122.4235663,37.8064162
By Hook or By Crook,2001,Artistic License,Steakhaus Productions,-122.4218163,37.7663816
On the Road,2012,IFC Films & Sundance Selects,SPAD Films,-122.3648992,37.8102258
Chance Season 2,2017,Hulu,TVM Productions Inc.,-122.4229802,37.7967933
Pushing Dead,2016,TBD,"Pushing Dead , LLC",-122.388217,37.751986
Chance- Season 1 ep104,2016,HULU,TVM Productions,-122.4314,37.76569
Homeward Bound II: Lost in San Francisco,1996,Buena Vista Pictures,Walt Disney Pictures,-122.409821,37.808673
Goliath,2021,Amazon Prime Video,Amazon Studios,-122.4055626,37.7905824
Etruscan Smile,2017,TBD,"Po Valley Productions, LLC",-122.3816274,37.6191145
Chu Chu and the Philly Flash,1981,Columbia Broadcasting System (CBS),Melvin Simon Productions,-122.4100923,37.7923883
Chance- Season 1 ep107,2016,HULU,TVM Productions,-122.4559379,37.7825888
Blue Jasmine,2013,Sony Pictures Classics,Perdido Productions,-122.433029,37.799185
Cardinal X,2015,,Fire Horse Film Productions LLC,-122.4098403,37.7875748
Bitter Melon,2018,"ABS-CBN, Gravitas Ventures",Bitter Melon Film LLC/Mammoth Pictures,-122.4138534,37.7758595
Getting Even with Dad,1994,Metro-Goldwyn-Mayer (MGM),Metro-Goldwyn-Mayer (MGM),-122.4059124,37.7882738
Interview With The Vampire,1994,Geffen Pictures,Geffen Pictures,-122.3936136,37.7954425
Forrest Gump,1994,Paramount Pictures,Paramount Pictures,-122.4491285,37.8026694
Dirty Harry,1971,Warner Brothers,The Malpaso Company,-122.4591718,37.7480485
Basic Instinct,1992,TriStar Pictures,Carolco Pictures,-122.39658,37.79021
"Murder in the First, Season 3",2016,Turner Network Television (TNT),Turner North Center Productions,-122.4243795,37.775961
Dope Queens,2025,TBD,TomorrowLand Productions Co Inc.,-122.4184826,37.786791
Nash Bridges,2021,USA Nework,"Village NB Productions, LLC",-122.3961126,37.8010939
Doctor Dolittle,1998,Twentieth Century Fox Film Cooperation,Twentieth Century Fox Film Cooperation,-122.4060487,37.8027862
Pushing Dead,2016,TBD,"Pushing Dead , LLC",-122.4414982,37.7773072
When a Man Loves a Woman,1994,Buena Vista Pictures,Touchstone Pictures,-122.4207822,37.8065278
Sausalito,2000,,B.O.B and Partners,-122.435033,37.7608937
High Crimes,2002,Twentieth Century Fox Film Corporation,Twentieth Century Fox Film Corporation,-122.4053532,37.7882182
"Murder in the First, Season 3",2016,Turner Network Television (TNT),Turner North Center Productions,-122.4406707,37.7943942
The Towering Inferno,1974,Twentieth Century - Fox,Irwin Allen Productions,-122.3956663,37.7942169
Romeo Must Die,2000,Warner Bros. Pictures,Silver Pictures,-122.4048082,37.7944675
Foul Play,1978,Paramount Pictures,Paramount Pictures,-122.4341129,37.7513041
Looking Season 2 ep 209,2015,HBO,"Mission Street Productions, LLC",-122.4216174,37.7645139
"Murder in the First, Season 3",2016,Turner Network Television (TNT),Turner North Center Productions,-122.4041754,37.7761709
Venom,2018,"Columbia Pictures, Sony Pictures Releasing","L.O.Z. Productions, Inc.",-122.3894682,37.7908723
The Last Thing He Told Me,2023,Apple TV+,20th Television,-122.3892168,37.7784136
Sense8,2015,Netflix,"Unpronounceable Productions, LLC",-122.4089604,37.7734395
Maintenance Required,2025,Amazon MGM Studios,ROUKYA FILMS,-122.4362179,37.7968371
A View to a Kill,1985,MGM/UA Entertainment Company,Metro-Goldwyn Mayer,-122.4011391,37.7597412
Surface,2022,Apple TV+,"Apple Studios, LLC",-122.4114139,37.7856667
Terminator - Genisys,2015,Paramount Pictures,T5 Productions LLC,-122.4066183,37.787552
Outerlands,2025,Wolfe Video,"Vajra Films, LLC",-122.4678099,37.7829882
Chance- Season 1 ep104,2016,HULU,TVM Productions,-122.4007722,37.791194
Maintenance Required,2025,Amazon MGM Studios,ROUKYA FILMS,-122.3884892,37.7357232
So I Married an Axe Murderer,1993,TriStar Pictures,TriStar Pictures,-122.4189908,37.7862658
Goliath,2021,Amazon Prime Video,Amazon Studios,-122.4109,37.79364
So I Married an Axe Murderer,1993,TriStar Pictures,TriStar Pictures,-122.4599177,37.786767
Women is Losers,2020,,Look at the Moon Pictures,-122.417322,37.7495114
Petulia,1968,Warner Brothers / Seven Arts,Warner Brothers / Seven Arts,-122.4178625,37.7907126
The Assassination of Richard Nixon,2004,THINKFilm,Anhelo Productions,-122.4131372,37.7889254
Time After Time,1979,Columbia Broadcasting System (CBS),Orion Pictures Corp.,-122.4428744,37.7999898
Terminator - Genisys,2015,Paramount Pictures,T5 Productions LLC,-122.406486,37.7883421
Foul Play,1978,Paramount Pictures,Paramount Pictures,-122.4246518,37.7766803
Looking Season 2 ep 207,2015,HBO,"Mission Street Productions, LLC",-122.43489,37.771831
The Phone/Jexi,2019,Lionsgate,CBS Films Inc.,-122.4123016,37.79176
I’m A Virgo,2023,Prime Video,Bing Bang Productions Inc,-122.40567,37.79706
"Budding Prospects, Pilot",2017,Amazon,Picrow Streaming Inc.,-122.4133882,37.7509484
"Murder in the First, Season 1",2014,Turner Network Television (TNT),Turner North Center Productions,-122.4340242,37.7750608
Milk,2008,Focus Features,Focus Features,-122.3699786,37.825284
The Phone/Jexi,2019,Lionsgate,CBS Films Inc.,-122.408346,37.7874795
Americana,2015,,Sutro Films LLC,-122.4063952,37.7986067
Steve Jobs,2015,Universal Pictures,RDF Productions LLC,-122.4039816,37.7947023
The OA Part II,2019,Netflix,Lunar Mining LLC,-122.4139419,37.7977174
Ballers Season 3,2017,HBO,"Chori Perros Productions, LLC",-122.4141357,37.7914291
The Matrix Resurrections,2021,Warner Brothers,"Adobe Pictures, Inc.",-122.4053898,37.7964791
Sudden Impact,1983,Warner Bros. Pictures,Warner Bros. Pictures,-122.3866361,37.7816903
Outerlands,2025,Wolfe Video,"Vajra Films, LLC",-122.464095,37.7827373
Final Analysis,1992,Warner Bros. Pictures,Warner Bros. Pictures,-122.4029373,37.7968711
Contagion,2011,Warner Bros. Pictures,The Keres Corporation,-122.3815252,37.7127107
Big Eyes,2014,Weinstein Company,Blink & Wink Productions,-122.4057606,37.7915137
Tales of the City,2019,Netflix,Universal Television LLC,-122.428974,37.7674063
Guess Who's Coming to Dinner,1967,Columbia Pictures,Columbia Pictures Corporation,-122.4044376,37.7840396
Boys and Girls,2000,Dimension Films,Punch 21 Productions,-122.4125282,37.8085771
The Presidio,1988,Paramount Pictures,Paramount Pictures,-122.4810057,37.7923841
High Crimes,2002,Twentieth Century Fox Film Corporation,Twentieth Century Fox Film Corporation,-122.4065082,37.7974835
The Dead Pool,1988,Warner Bros. Pictures,Warner Bros. Pictures,-122.4342344,37.7628182
DEVS,2020,FX Network,Minim Productions,-122.4197149,37.7570015
Bitter Melon,2018,"ABS-CBN, Gravitas Ventures",Bitter Melon Film LLC/Mammoth Pictures,-122.4236314,37.7616945
Golden Gate,1994,The Samuel Goldwyn Company,American Playhouse Theatrical Films,-122.4431784,37.7703713
My Big Fat Chinese Christmas,2022,Hallmark Channel,Hongbao Productions,-122.4028388,37.7946664
Twisted,2004,Paramount Pictures,Paramount Pictures,-122.3887656,37.7764036
The Diary of a Teenage Girl,2015,Sony Pictures Classics,"Diary the Movie, LLC",-122.4221877,37.7970285
Americana,2015,,Sutro Films LLC,-122.4347362,37.7187579
"Smile Again, Jenny Lee",2015,,Carlo Caldana/Marguery Films,-122.4020222,37.8032531
Blindspotting (Season 2),2023,Starz,Blindspotting Productions Inc.,-122.3966387,37.7985824
The Last Thing He Told Me,2023,Apple TV+,20th Television,-122.4379123,37.8006219
The Woman In Red,1984,MGM Home Entertainment,Orion Pictures Corp.,-122.4491285,37.8026694
Sense8,2015,Netflix,"Unpronounceable Productions, LLC",-122.4116,37.7590974
180,2011,,SPI Cinemas,-122.4108465,37.7918448
DEVS,2020,FX Network,Minim Productions,-122.4067083,37.7978824
Looking,2014,Home Box Office (HBO),"Mission Street Productions, LLC",-122.4083567,37.7761825
Chance- Season 1 ep103,2016,HULU,TVM Productions,-122.4324326,37.7701803
DEVS,2020,FX Network,Minim Productions,-122.3962823,37.7789746
Time After Time,1979,Columbia Broadcasting System (CBS),Orion Pictures Corp.,-122.4030932,37.7983271
Looking Season 2 ep 203,2015,HBO,"Mission Street Productions, LLC",-122.4195427,37.7552119
Outerlands,2025,Wolfe Video,"Vajra Films, LLC",-122.4057868,37.7781224
I Am Michael,2015,,That’s Hollywood,-122.510734,37.7593921
Looking Season 2 ep 207,2015,HBO,"Mission Street Productions, LLC",-122.4266135,37.7608223
Goliath- Season 4,2021,Amazon Studios,"Picrow, Inc.",-122.4196461,37.8020026
The Game,1997,Polygram Filmed Entertainment,Polygram Filmed Entertainment,-122.4000474,37.7910468
The Diary of a Teenage Girl,2015,Sony Pictures Classics,"Diary the Movie, LLC",-122.4189444,37.7648472
Bedazzled,2000,Twentieth Century Fox Film Corp.,Twentieth Century Fox Film Corp.,-122.3953583,37.7954828
Surface,2022,Apple TV+,"Apple Studios, LLC",-122.4044008,37.7991483
"Smile Again, Jenny Lee",2015,,Carlo Caldana/Marguery Films,-122.5027384,37.7720857
Nash Bridges,2021,USA Nework,"Village NB Productions, LLC",-122.4021742,37.8007544
This Is Us,2022,NBC,20th Television,-122.434819,37.7763694
"Murder in the First, Season 3",2016,Turner Network Television (TNT),Turner North Center Productions,-122.482977,37.7689203
Magnum Force,1973,Warner Bros. Pictures,The Malpaso Company,-122.3866097,37.760628
Ant-Man and the Wasp,2018,Walt Disney Studios Motion Pictures,"PYM Particles Productions II, LLC",-122.417993,37.8022173
The Bachelor,1999,New Line Cinema,George Street Pictures,-122.4102464,37.8007752
A View to a Kill,1985,MGM/UA Entertainment Company,Metro-Goldwyn Mayer,-122.4155073,37.8083487
GirlBoss,2017,Netflix,"Hippolyta Productions, LLC",-122.4266135,37.7608223
Jade,1995,Paramount Pictures,Paramount Pictures,-122.4196461,37.8020026
Pushing Dead,2016,TBD,"Pushing Dead , LLC",-122.3880561,37.7522663
Outerlands,2025,Wolfe Video,"Vajra Films, LLC",-122.42792,37.75826
Goliath- Season 4,2021,Amazon Studios,"Picrow, Inc.",-122.4102464,37.8007752
Venom: Let There Be Carnage,2021,Sony Pictures,SM Film Productions,-122.4484231,37.8029308
Knife Fight,2013,Eagle Films,Divisadero Pictures & Knife Fight,-122.4192417,37.779275
Dopamine,2003,Sundance Channel Home Entertainment,Kontent Films,-122.3939621,37.7815955
Chance - Season 1ep105,2016,HULU,TVM Productions,-122.3901793,37.7573664
Looking,2014,Home Box Office (HBO),"Mission Street Productions, LLC",-122.4083444,37.7527111
Pushing Dead,2016,TBD,"Pushing Dead , LLC",-122.431613,37.772235
Blue Jasmine,2013,Sony Pictures Classics,Perdido Productions,-122.4018316,37.7406356
Godzilla,2014,Warner Bros. Pictures,"Nautilus Productions, LLC",-122.4042565,37.7917052
Surface,2022,Apple TV+,"Apple Studios, LLC",-122.405882,37.7857404
Looking Season 2 ep 204,2015,HBO,"Mission Street Productions, LLC",-122.435038,37.7608968
Nine Months,1995,Twentieth Century Fox Film Corp.,1492 Pictures,-122.3946185,37.7926608
When We Rise,2017,Amercian Broadcasting Company,Film 49 Productions,-122.4347365,37.7619917
Point Blank,1967,Metro-Goldwyn Mayer,Metro-Goldwyn Mayer,-122.4230122,37.8266636
Basic Instinct,1992,TriStar Pictures,Carolco Pictures,-122.3956409,37.7993521
"Murder in the First, Season 1",2014,Turner Network Television (TNT),Turner North Center Productions,-122.4420903,37.7752229
Bicentennial Man,1999,Buena Vista Pictures,1492 Pictures,-122.3699786,37.825284
I Am Michael,2015,,That’s Hollywood,-122.4304368,37.7593234
Dirty Harry,1971,Warner Brothers,The Malpaso Company,-122.4052341,37.7948896
The Dead Pool,1988,Warner Bros. Pictures,Warner Bros. Pictures,-122.4499856,37.7658126
Sense8,2015,Netflix,"Unpronounceable Productions, LLC",-122.4432485,37.7561688
Red Widow,2013,American Broadcasting Company (ABC),Beyond Pix,-122.3976317,37.7935159
Chance - Season 1 Pilot,2016,HULU,TVM Productions,-122.462669,37.783857
Foul Play,1978,Paramount Pictures,Paramount Pictures,-122.417608,37.7919369
"Murder in the First, Season 1",2014,Turner Network Television (TNT),Turner North Center Productions,-122.4491285,37.8026694
The Matrix Resurrections,2021,Warner Brothers,"Adobe Pictures, Inc.",-122.3984911,37.7932242
Chance- Season 1 ep104,2016,HULU,TVM Productions,-122.3896656,37.7589556
Always Be My Maybe,2019,Netflix,"Isla Productions, LLC",-122.4686755,37.771469
The Last Thing He Told Me,2023,Apple TV+,20th Television,-122.4395368,37.7929909
A Taiwanese Tale of Two Cities,2018,Netflix,Envision Productions Inc.,-122.4119166,37.7888192
Surface,2022,Apple TV+,"Apple Studios, LLC",-122.4035729,37.7892748
Blue Jasmine,2013,Sony Pictures Classics,Perdido Productions,-122.5072394,37.7455566
Getting Even with Dad,1994,Metro-Goldwyn-Mayer (MGM),Metro-Goldwyn-Mayer (MGM),-122.4686755,37.771469
A Man on The Inside,2024,Netflix,"NBCUniversal Media, LLC",-122.4143334,37.7912071
So I Married an Axe Murderer,1993,TriStar Pictures,TriStar Pictures,-122.4147089,37.8032738
Birdman of Alcatraz,1962,United Artists,Norma Productions,-122.4133446,37.8092691
GirlBoss,2017,Netflix,"Hippolyta Productions, LLC",-122.4447426,37.7698938
Foul Play,1978,Paramount Pictures,Paramount Pictures,-122.4316945,37.790738
Metro,1997,Buena Vista Pictures,Touchstone Pictures,-122.4137459,37.7895412
Nash Bridges,2021,USA Nework,"Village NB Productions, LLC",-122.4156675,37.8036989
Summertime,2015,3 Distribution,"Creative Monster Productions, Inc.",-122.41422,37.799743
Sense8,2015,Netflix,"Unpronounceable Productions, LLC",-122.4207622,37.7852455
The Core,2003,Paramount Pictures,David Foster Productions,-122.4785598,37.8199109
Fearless,1993,Warner Bros. Pictures,Spring Creek Productions,-122.4034751,37.7967894
Fairyland,2023,Lionsgate,Portals of the Past LLC,-122.411144,37.7543015
The Dead Pool,1988,Warner Bros. Pictures,Warner Bros. Pictures,-122.4041754,37.7761709
Boys and Girls,2000,Dimension Films,Punch 21 Productions,-122.4048082,37.7944675
Ant-Man and the Wasp,2018,Walt Disney Studios Motion Pictures,"PYM Particles Productions II, LLC",-122.4438535,37.7668755
Bullitt,1968,Warner Brothers,Warner Brothers / Seven Arts Seven Arts,-122.439016,37.8066961
Sense8,2015,Netflix,"Unpronounceable Productions, LLC",-122.4548745,37.7475379
A Man on The Inside,2024,Netflix,"Universal Television, LLC",-122.4075531,37.792265
Red Widow,2013,American Broadcasting Company (ABC),Beyond Pix,-122.4184682,37.7522505
Outerlands,2025,Wolfe Video,"Vajra Films, LLC",-122.5039749,37.7755356
Etruscan Smile,2017,TBD,"Po Valley Productions, LLC",-122.3908828,37.7938381
Nash Bridges,2021,USA Nework,"Village NB Productions, LLC",-122.4085177,37.7810198
D.O.A,1950,United Artists,Cardinal Pictures,-122.4066183,37.787552
A Man on The Inside,2024,Netflix,"Universal Television, LLC",-122.3892168,37.7784136
DEVS,2020,FX Network,Minim Productions,-122.4204941,37.7626596
Chance- Season 1 ep104,2016,HULU,TVM Productions,-122.4536757,37.7437508
Maintenance Required,2025,Amazon MGM Studios,ROUKYA FILMS,-122.44059,37.7709
The Presidio,1988,Paramount Pictures,Paramount Pictures,-122.4008359,37.7974666
Sense8,2015,Netflix,"Unpronounceable Productions, LLC",-122.4117609,37.7655451
San Andreas,2015,Warner Bros.,"Upside Down Productions, Inc.",-122.4067887,37.7973074
Dirty Harry,1971,Warner Brothers,The Malpaso Company,-122.3976732,37.7992627
Chance - Season 1 Pilot,2016,HULU,TVM Productions,-122.4126834,37.7849979
Steve Jobs,2015,Universal Pictures,RDF Productions LLC,-122.4342208,37.7524013
Chance- Season 1 ep102,2016,HULU,TVM Productions,-122.4066034,37.7901055
Tales of the City,2019,Netflix,Universal Television LLC,-122.4040755,37.7991868
Twisted,2004,Paramount Pictures,Paramount Pictures,-122.4070096,37.7986328
Chance- Season 1 ep106,2016,HULU,TVM Productions,-122.4102464,37.8007752
The Maltese Falcon,1941,Warner Bros. Pictures,Warner Bros. Pictures,-122.4785598,37.8199109
Ballers Season 3,2017,HBO,"Chori Perros Productions, LLC",-122.3899506,37.7916129
Chance Season 2,2017,Hulu,TVM Productions Inc.,-122.43968,37.79178
Heart Beat,1980,Orion Pictures Corporation,Orion Pictures Corporation,-122.4172161,37.8038552
Terminator - Genisys,2015,Paramount Pictures,T5 Productions LLC,-122.4082534,37.7873806
The Last Black Man in San Francisco,2019,A24,"LBMISF, LLC",-122.40554,37.74294
About a Boy,2014,National Broadcasting Company,NBC Studios,-122.4650165,37.8040257
Edtv,1999,MCA / Universal Pictures,Imagine Entertainment,-122.4098155,37.8002479
The Dead Pool,1988,Warner Bros. Pictures,Warner Bros. Pictures,-122.4011149,37.7597474
Chan is Missing,1982,New Yorker Films,New Yorker Films,-122.4064344,37.7954238
"Smile Again, Jenny Lee",2015,,Carlo Caldana/Marguery Films,-122.4389872,37.803747
Chef Dynasty: House of Fang,2022,Food Network,"Quidnet Media, LLC",-122.4030647,37.7882287
Edtv,1999,MCA / Universal Pictures,Imagine Entertainment,-122.4347365,37.7619917
The Dead Pool,1988,Warner Bros. Pictures,Warner Bros. Pictures,-122.3994771,37.800136
"Smile Again, Jenny Lee",2015,,Carlo Caldana/Marguery Films,-122.4329885,37.7606868
The Conversation,1974,Paramount Pictures,American Zoetrope,-122.3964729,37.7936658
The Last Black Man in San Francisco,2019,A24,"LBMISF, LLC",-122.4156566,37.7587433
Chance Season 2,2017,Hulu,TVM Productions Inc.,-122.4093993,37.8013834
Super Pumped: The Battle for Uber,2022,Showtime,Possible Productions,-122.393956,37.791116
"Murder in the First, Season 3",2016,Turner Network Television (TNT),Turner North Center Productions,-122.4176986,37.7794929
Terminator - Genisys,2015,Paramount Pictures,T5 Productions LLC,-122.4012639,37.78825
The Phone/Jexi,2019,Lionsgate,CBS Films Inc.,-122.424317,37.764992
Blindspotting Season 2,2022,Starz,Blindspotting Productions Inc,-122.404479,37.7979773
"Smile Again, Jenny Lee",2015,,Carlo Caldana/Marguery Films,-122.4234103,37.7852038
The OA Part II,2019,Netflix,Lunar Mining LLC,-122.4157025,37.785466
Goliath- Season 4,2021,Amazon Studios,"Picrow, Inc.",-122.4083888,37.8005521
Bitter Melon,2018,"ABS-CBN, Gravitas Ventures",Bitter Melon Film LLC/Mammoth Pictures,-122.4620093,37.7814827
Looking Season 2 ep 209,2015,HBO,"Mission Street Productions, LLC",-122.411015,37.7746
Goliath,2021,Amazon Prime Video,Amazon Studios,-122.4497164,37.7583538
Americana,2015,,Sutro Films LLC,-122.4698138,37.7303176
"Smile Again, Jenny Lee",2015,,Carlo Caldana/Marguery Films,-122.503979,37.7364851
Petulia,1968,Warner Brothers / Seven Arts,Warner Brothers / Seven Arts,-122.4050682,37.8017592
Shit and Champagne,2020,,"Shaboom Boom, LLC",-122.4066953,37.8039343
Sense8 - Season 2,2016,Netflix,"Unpronounceable Productions, LLC",-122.4227025,37.7614492
Sweet November,2001,Warner Bros. Pictures,Warner Bros. Pictures,-122.3959956,37.7624718
The Phone/Jexi,2019,Lionsgate,CBS Films Inc.,-122.4348796,37.7592955
A Taiwanese Tale of Two Cities,2018,Netflix,Envision Productions Inc.,-122.4168378,37.779593
Bullitt,1968,Warner Brothers,Warner Brothers / Seven Arts Seven Arts,-122.4040359,37.7595749
Chance Season 2,2017,Hulu,TVM Productions Inc.,-122.4157997,37.8082387
Tales of the City,2019,Netflix,Universal Television LLC,-122.4078236,37.8001418
Dreams,2025,The Match Factory GmbH,Suenos Productions LLC,-122.4087664,37.7552502
My Big Fat Chinese Christmas,2022,Hallmark Channel,Hongbao Productions,-122.4198731,37.8028179
Freebie and the Bean,1974,American Broadcasting Company (ABC),Warner Bros. Pictures,-122.4661345,37.7695812
"Looking ""Special""",2016,HBO,"Mission Street Productions, LLC",-122.4171274,37.7726957
The Assassination of Richard Nixon,2004,THINKFilm,Anhelo Productions,-122.406019,37.7975646
Nash Bridges,2021,USA Nework,"Village NB Productions, LLC",-122.4100923,37.7923883
Cherish,2002,Fine Line Features,3 Ring Circus Films,-122.4236094,37.7506147
A View to a Kill,1985,MGM/UA Entertainment Company,Metro-Goldwyn Mayer,-122.3976732,37.7992627
Vertigo,1958,Paramount Pictures,Alfred J. Hitchcock Productions,-122.4159416,37.7885796
Time After Time,1979,Columbia Broadcasting System (CBS),Orion Pictures Corp.,-122.482977,37.7689203
The Bachelor,1999,New Line Cinema,George Street Pictures,-122.4078578,37.7997928
Broken-A Modern Love Story,2010,,RKW Films,-122.4137716,37.7980325
Shit and Champagne,2020,,"Shaboom Boom, LLC",-122.4079226,37.8022093
City of Angels,1998,Warner Bros. Pictures,Atlas Entertainment,-122.4158888,37.7789562
What's Up Doc?,1972,Warner Bros. Pictures,Warner Bros. Pictures,-122.4101808,37.8016649
"Smile Again, Jenny Lee",2015,,Carlo Caldana/Marguery Films,-122.4365274,37.7548862
Blue Jasmine,2013,Sony Pictures Classics,Perdido Productions,-122.3870349,37.7641167
Chance Season 2,2017,Hulu,TVM Productions Inc.,-122.4206418,37.8021564
High Anxiety,1977,Twentieth Century Fox Film Corporation,Twentieth Century Fox Film Corporation,-122.3956663,37.7942169
Pushing Dead,2016,TBD,"Pushing Dead , LLC",-122.4792811,37.7825309
Looking,2014,Home Box Office (HBO),"Mission Street Productions, LLC",-122.422184,37.7648283
DEVS,2020,FX Network,Minim Productions,-122.4124936,37.7518067
Big Eyes,2014,Weinstein Company,Blink & Wink Productions,-122.4484231,37.8029308
Etruscan Smile,2017,TBD,"Po Valley Productions, LLC",-122.3988062,37.7933714
Final Analysis,1992,Warner Bros. Pictures,Warner Bros. Pictures,-122.4192417,37.779275
Terminator - Genisys,2015,Paramount Pictures,T5 Productions LLC,-122.400202,37.7878372
Time After Time,1979,Columbia Broadcasting System (CBS),Orion Pictures Corp.,-122.4426736,37.7990728
Nash Bridges,2022,USA Nework,"Village NB Productions, LLC",-122.3956409,37.7993521
The Rock,1996,Buena Vista Pictures,Hollywood Pictures,-122.4230122,37.8266636
Quitters,2015,,"Frederick & Ashbury, LLC.",-122.4432686,37.8033611
Terminator - Genisys,2015,Paramount Pictures,T5 Productions LLC,-122.4155765,37.7902607
"Smile Again, Jenny Lee",2015,,Carlo Caldana/Marguery Films,-122.4300886,37.7941996
Chance Season 2,2017,Hulu,TVM Productions Inc.,-122.4455786,37.7673285
Vertigo,1958,Paramount Pictures,Alfred J. Hitchcock Productions,-122.4106579,37.7931077
The Matrix Resurrections,2021,Warner Brothers,"Adobe Pictures, Inc.",-122.402295,37.7920164
A Taiwanese Tale of Two Cities,2018,Netflix,Envision Productions Inc.,-122.405979,37.793631
Crackers,1984,Universal Pictures,Universal Pictures,-122.4210056,37.7584378
The Last Black Man in San Francisco,2019,A24,"LBMISF, LLC",-122.4328116,37.7768965
Terminator - Genisys,2015,Paramount Pictures,T5 Productions LLC,-122.4065727,37.7658572
"Budding Prospects, Pilot",2017,Amazon,Picrow Streaming Inc.,-122.4121012,37.7421331
Freebie and the Bean,1974,American Broadcasting Company (ABC),Warner Bros. Pictures,-122.4027468,37.7950185
Americana,2015,,Sutro Films LLC,-122.422429,37.764658
The Matrix Resurrections,2021,Warner Brothers,"Adobe Pictures, Inc.",-122.4028796,37.7913674
Bicentennial Man,1999,Buena Vista Pictures,1492 Pictures,-122.4785598,37.8199109
Fremont,2023,Music Box Films,Fremont The Movie LLC,-122.4060745,37.7937557
The Presidio,1988,Paramount Pictures,Paramount Pictures,-122.4040755,37.7991868
"Looking ""Special""",2016,HBO,"Mission Street Productions, LLC",-122.3900433,37.7543531
Sense8,2015,Netflix,"Unpronounceable Productions, LLC",-122.4422194,37.7528949
Shit and Champagne,2020,,"Shaboom Boom, LLC",-122.3769148,37.7401689
Ant-Man and the Wasp,2018,Walt Disney Studios Motion Pictures,"PYM Particles Productions II, LLC",-122.4071135,37.7959798
Beautiful Boy,2018,Amazon Studios,Big Indie Pictures,-122.4146535,37.7855867
Chance- Season 1 ep110,2016,HULU,TVM Productions,-122.4624509,37.7251502
Super Pumped: The Battle for Uber,2022,Showtime,Possible Productions,-122.3954651,37.7613763
The Diary of a Teenage Girl,2015,Sony Pictures Classics,"Diary the Movie, LLC",-122.4060249,37.7976453
Golden Gate,1994,The Samuel Goldwyn Company,American Playhouse Theatrical Films,-122.4073781,37.7955382
The OA Part II,2019,Netflix,Lunar Mining LLC,-122.4128965,37.7942941
The OA Part II,2019,Netflix,Lunar Mining LLC,-122.4133446,37.8092691
Experiment in Terror,1962,Columbia Pictures,Columbia Pictures Corporation,-122.3815252,37.7127107
Phenomenon,1996,Buena Vista Pictures,Touchstone Pictures,-122.3699786,37.825284
"Smile Again, Jenny Lee",2015,,Carlo Caldana/Marguery Films,-122.4777242,37.7432011
Dreams,2025,The Match Factory GmbH,Suenos Productions LLC,-122.4206327,37.7538556
Surface,2022,Apple TV+,"Apple Studios, LLC",-122.4175714,37.7909544
Innerspace,1987,Warner Bros. Pictures,Amblin Entertainment,-122.4052612,37.8009425
Surface,2022,Apple TV+,"Apple Studios, LLC",-122.483638,37.7935724
The OA Part II,2019,Netflix,Lunar Mining LLC,-122.4174152,37.7982681
Women is Losers,2020,,Look at the Moon Pictures,-122.4333967,37.7710559
Women is Losers,2020,,Look at the Moon Pictures,-122.4682944,37.7146885
Mrs. Doubtfire,1993,Twentieth Century Fox Film Corporation,Twentieth Century Fox Film Corporation,-122.409672,37.7991606
Chance- Season 1 ep109,2016,HULU,TVM Productions,-122.5137962,37.7783123
Chance- Season 1 ep106,2016,HULU,TVM Productions,-122.4135414,37.7812278
"Murder in the First, Season 3",2016,Turner Network Television (TNT),Turner North Center Productions,-122.4250075,37.7772013
Hulk,2003,Universal Pictures,Universal Pictures,-122.4052612,37.8009425
Alexander's Ragtime Band,1938,Twentieth Century Fox Film Corporation,Twentieth Century Fox Film Corporation,-122.4100923,37.7923883
Chance Season 2,2017,Hulu,TVM Productions Inc.,-122.4212203,37.7735081
The OA Part II,2019,Netflix,Lunar Mining LLC,-122.4069298,37.7950135
Invasion of the Body Snatchers,1978,United Artists,Solofilm,-122.4048082,37.7944675
The Dead Pool,1988,Warner Bros. Pictures,Warner Bros. Pictures,-122.4144743,37.783794
The Presidio,1988,Paramount Pictures,Paramount Pictures,-122.4070248,37.7950898
Fearless,1993,Warner Bros. Pictures,Spring Creek Productions,-122.405629,37.7555919
Venom,2018,"Columbia Pictures, Sony Pictures Releasing","L.O.Z. Productions, Inc.",-122.4148268,37.7865283
Zodiac,2007,Paramount Pictures,Paramount Pictures,-122.4065207,37.7822008
When We Rise,2017,Amercian Broadcasting Company,Film 49 Productions,-122.4370713,37.7577693
Shit and Champagne,2020,,"Shaboom Boom, LLC",-122.4144155,37.7718948
Quitters,2015,,"Frederick & Ashbury, LLC.",-122.4314352,37.7444875
Red Widow,2013,American Broadcasting Company (ABC),Beyond Pix,-122.4058782,37.8031199
Guess Who's Coming to Dinner,1967,Columbia Pictures,Columbia Pictures Corporation,-122.3816274,37.6191145
Chance - Season 1 Pilot,2016,HULU,TVM Productions,-122.4033161,37.7966361
Surface,2022,Apple TV+,"Apple Studios, LLC",-122.3929881,37.7860548
Super Pumped: The Battle for Uber,2022,Showtime,Possible Productions,-122.4164119,37.7777572
San Andreas,2015,Warner Bros.,"Upside Down Productions, Inc.",-122.4055626,37.7905824
"Smile Again, Jenny Lee",2015,,Carlo Caldana/Marguery Films,-122.4628456,37.7481096
Women is Losers,2020,,Look at the Moon Pictures,-122.4172258,37.7507117
Flower Drum Song,1961,Universal Pictures,Fields Productions,-122.4785598,37.8199109
Shit and Champagne,2020,,"Shaboom Boom, LLC",-122.4902199,37.7532947
Earth Mama,2023,A24,Park Pictures,-122.3763984,37.8297385
Woman on the Run,1950,Universal Pictures,Fidelity Pictures Corporation,-122.4075701,37.7840447
The Phone/Jexi,2019,Lionsgate,CBS Films Inc.,-122.4125282,37.8085771
DEVS,2020,FX Network,Minim Productions,-122.4190792,37.7586345
Nash Bridges,2021,USA Nework,"Village NB Productions, LLC",-122.3874602,37.7876462
Dawn of the Planet of the Apes,2014,Twentieth Century Fox,"Fox Louisiana Productions, LLC",-122.4055351,37.7970715
The Last Thing He Told Me,2023,Apple TV+,20th Television,-122.3936136,37.7954425
On the Road,2012,IFC Films & Sundance Selects,SPAD Films,-122.4176189,37.800359
Basic Instinct,1992,TriStar Pictures,Carolco Pictures,-122.4457056,37.7941209
The OA Part II,2019,Netflix,Lunar Mining LLC,-122.4261279,37.7909216
Until the End of the World,1991,Warner Bros. Pictures,Village Roadshow Pictures,-122.406019,37.7975646
DEVS,2020,FX Network,Minim Productions,-122.4662089,37.7622509
The Conversation,1974,Paramount Pictures,American Zoetrope,-122.3992066,37.7956599
Red Widow,2013,American Broadcasting Company (ABC),Beyond Pix,-122.4794088,37.7804328
The Enforcer,1976,Warner Bros. Pictures,Warner Bros. Pictures,-122.4124144,37.7518258
The Presidio,1988,Paramount Pictures,Paramount Pictures,-122.4020933,37.7976922
Ant-Man,2015,Walt Disney Studios Motion Pictures,"PYM Particles Productions, LLC",-122.4044021,37.7929164
The Matrix Resurrections,2021,Warner Brothers,"Adobe Pictures, Inc.",-122.4154149,37.7977655
Heart Beat,1980,Orion Pictures Corporation,Orion Pictures Corporation,-122.4110914,37.8004126
Fearless,1993,Warner Bros. Pictures,Spring Creek Productions,-122.402597,37.7931137
Terminator - Genisys,2015,Paramount Pictures,T5 Productions LLC,-122.4032,37.78793
This Is Us,2022,NBC,20th Television,-122.4108465,37.7918448
A Jitney Elopement,1915,General Film Company,The Essanay Film Manufacturing Company,-122.482977,37.7689203
What's Up Doc?,1972,Warner Bros. Pictures,Warner Bros. Pictures,-122.4218364,37.8094721
The Dead Pool,1988,Warner Bros. Pictures,Warner Bros. Pictures,-122.4327231,37.7760676
Goliath- Season 4,2021,Amazon Studios,"Picrow, Inc.",-122.407433,37.796187
Beautiful Boy,2018,Amazon Studios,Big Indie Pictures,-122.4052356,37.7620145
"Smile Again, Jenny Lee",2015,,Carlo Caldana/Marguery Films,-122.4100923,37.7923883
Time After Time,1979,Columbia Broadcasting System (CBS),Orion Pictures Corp.,-122.4785598,37.8199109
The Moon Is in Aquarius,2024,Deskpop Entertainment,TMIIAquarius Movie LLC,-122.43497,37.75939
Magnum Force,1973,Warner Bros. Pictures,The Malpaso Company,-122.4038505,37.7592755
The Phone/Jexi,2019,Lionsgate,CBS Films Inc.,-122.4008661,37.8033934
I Remember Mama,1948,RKO Radio Pictures,RKO Radio Pictures,-122.4100923,37.7923883
Chance Season 2,2017,Hulu,TVM Productions Inc.,-122.406061,37.806607
"Looking ""Special""",2016,HBO,"Mission Street Productions, LLC",-122.4064344,37.7954238
Dim Sum: A Little Bit of Heart,1985,Orion Classics,CIM,-122.4064344,37.7954238
Red Widow,2013,American Broadcasting Company (ABC),Beyond Pix,-122.4868945,37.7799347
Outerlands,2025,Wolfe Video,"Vajra Films, LLC",-122.5058278,37.7880222
The Last Black Man in San Francisco,2019,A24,"LBMISF, LLC",-122.4431572,37.7748749
Steve Jobs,2015,Universal Pictures,RDF Productions LLC,-122.4152298,37.8052723
Looking,2014,Home Box Office (HBO),"Mission Street Productions, LLC",-122.4023928,37.7689208
DEVS,2020,FX Network,Minim Productions,-122.478099,37.7616696
The Dead Pool,1988,Warner Bros. Pictures,Warner Bros. Pictures,-122.3989536,37.7572314
Chance- Season 1 ep103,2016,HULU,TVM Productions,-122.4180911,37.8033201
I Am Michael,2015,,That’s Hollywood,-122.4365555,37.7639958
Pushing Dead,2016,TBD,"Pushing Dead , LLC",-122.452502,37.77317
The Matrix Resurrections,2021,Warner Brothers,"Adobe Pictures, Inc.",-122.39454,37.7876543
Etruscan Smile,2017,TBD,"Po Valley Productions, LLC",-122.471173,37.7641418
Americana,2015,,Sutro Films LLC,-122.4126216,37.7422467
Quitters,2015,,"Frederick & Ashbury, LLC.",-122.422249,37.7562552
Venom,2018,"Columbia Pictures, Sony Pictures Releasing","L.O.Z. Productions, Inc.",-122.4055417,37.7988787
The Net,1995,Columbia Pictures,Columbia Pictures Corp.,-122.4019961,37.7888143
Goliath- Season 4,2021,Amazon Studios,"Picrow, Inc.",-122.47709,37.8106117
The Presidio,1988,Paramount Pictures,Paramount Pictures,-122.406324,37.795353
Nine Months,1995,Twentieth Century Fox Film Corp.,1492 Pictures,-122.4137459,37.7895412
Bullitt,1968,Warner Brothers,Warner Brothers / Seven Arts Seven Arts,-122.3648992,37.8102258
Time After Time,1979,Columbia Broadcasting System (CBS),Orion Pictures Corp.,-122.4311494,37.8005305
Summertime,2015,2 Distribution,"Creative Monster Productions, Inc.",-122.4144155,37.7718948
Vertigo,1958,Paramount Pictures,Alfred J. Hitchcock Productions,-122.4165725,37.802546
When We Rise,2017,Amercian Broadcasting Company,Film 49 Productions,-122.43979,37.7709327
Ant-Man,2015,Walt Disney Studios Motion Pictures,"PYM Particles Productions, LLC",-122.412723,37.7852042
Looking Season 2 ep 202,2015,HBO,"Mission Street Productions, LLC",-122.43489,37.771831
Looking,2014,Home Box Office (HBO),"Mission Street Productions, LLC",-122.4900376,37.8961157
The Last Black Man in San Francisco,2019,A24,"LBMISF, LLC",-122.41131,37.74007
Looking,2014,Home Box Office (HBO),"Mission Street Productions, LLC",-122.4238729,37.7922528
Chance - Season 1 ep105,2016,HULU,TVM Productions,-122.442352,37.787638
Surface,2022,Apple TV+,"Apple Studios, LLC",-122.4082534,37.7873806
Sense8,2015,Netflix,"Unpronounceable Productions, LLC",-122.4112983,37.7558999
The Phone/Jexi,2019,Lionsgate,CBS Films Inc.,-122.4341795,37.7791726
Chance - Season 1 Pilot,2016,HULU,TVM Productions,-122.4041296,37.7989409
George of the Jungle,1997,Buena Vista Pictures,Walt Disney Pictures,-122.4197304,37.8007671
When We Rise,2017,Amercian Broadcasting Company,Film 49 Productions,-122.4352736,37.7618335
Venom,2018,"Columbia Pictures, Sony Pictures Releasing","L.O.Z. Productions, Inc.",-122.4189908,37.7862658
Heart and Souls,1993,Electric Parc,Universal Pictures,-122.4420964,37.792705
40 Days and 40 Nights,2002,Miramax Films,Miramax Films,-122.4073139,37.7986417
A Taiwanese Tale of Two Cities,2018,Netflix,Envision Productions Inc.,-122.3956409,37.7993521
San Andreas,2015,Warner Bros.,"Upside Down Productions, Inc.",-122.4816692,37.827761
Birth of the Dragon,2016,Kylin Pictures,"BOTD U.S. Productions, Inc.",-122.40602,37.79426
Vegas in Space,1992,MCA/Universal Home Video,Troma Entertainment,-122.4120813,37.7635734
"Murder in the First, Season 1",2014,Turner Network Television (TNT),Turner North Center Productions,-122.4038316,37.8007824
Bitter Melon,2018,"ABS-CBN, Gravitas Ventures",Bitter Melon Film LLC/Mammoth Pictures,-122.4140958,37.7760491
Doctor Dolittle,1998,Twentieth Century Fox Film Cooperation,Twentieth Century Fox Film Cooperation,-122.4339534,37.7965699
The Lady from Shanghai,1947,Columbia Pictures,Columbia Pictures Corp.,-122.4042071,37.7951279
Fearless,1993,Warner Bros. Pictures,Spring Creek Productions,-122.4101808,37.8016649
Chance- Season 1 ep102,2016,HULU,TVM Productions,-122.4327312,37.7976449
Dirty Harry,1971,Warner Brothers,The Malpaso Company,-122.4089366,37.8006264
Beautiful Boy,2018,Amazon Studios,Big Indie Pictures,-122.4123822,37.7867063
My Big Fat Chinese Christmas,2022,Hallmark Channel,Hongbao Productions,-122.40602,37.79426
Sense8,2015,Netflix,"Unpronounceable Productions, LLC",-122.4171883,37.7617459
Pushing Dead,2016,TBD,"Pushing Dead , LLC",-122.4353078,37.715051
Chance- Season 1 ep109,2016,HULU,TVM Productions,-122.5038779,37.7363439
Looking Season 2 ep 202,2015,HBO,"Mission Street Productions, LLC",-122.4210956,37.7584235
Always Be My Maybe,2019,Netflix,"Isla Productions, LLC",-122.4863702,37.7875742
Vegas in Space,1992,MCA/Universal Home Video,Troma Entertainment,-122.4230891,37.761516
DEVS,2020,FX Network,Minim Productions,-122.4038308,37.7735356
The Last Black Man in San Francisco,2019,A24,"LBMISF, LLC",-122.413964,37.783682
The Enforcer,1976,Warner Bros. Pictures,Warner Bros. Pictures,-122.4192417,37.779275
Foul Play,1978,Paramount Pictures,Paramount Pictures,-122.3944936,37.7641057
Vegas in Space,1992,MCA/Universal Home Video,Troma Entertainment,-122.4385796,37.7653137
Groove,2000,Sony Pictures Classics,415 Productions,-122.3845135,37.755198
Dirty Harry,1971,Warner Brothers,The Malpaso Company,-122.4037515,37.7924396
Bullitt,1968,Warner Brothers,Warner Brothers / Seven Arts Seven Arts,-122.4101366,37.7915187
Venom,2018,"Columbia Pictures, Sony Pictures Releasing","L.O.Z. Productions, Inc.",-122.40602,37.79426
Sudden Fear,1952,RKO Pictures,Joseph Kaufmann Pictures,-122.4400341,37.7957588
The Last Black Man in San Francisco,2019,A24,"LBMISF, LLC",-122.4429418,37.7742258
So I Married an Axe Murderer,1993,TriStar Pictures,TriStar Pictures,-122.4230122,37.8266636
Looking,2014,Home Box Office (HBO),"Mission Street Productions, LLC",-122.4104443,37.7923897
Alive,2020,CBS,CBS Corporation - CBS Studios Inc./CBS Television Studios,-122.3973929,37.7612503
Summertime,2015,4 Distribution,"Creative Monster Productions, Inc.",-122.4436682,37.7791695
Always Be My Maybe,2019,Netflix,"Isla Productions, LLC",-122.4055929,37.7972383
Steve Jobs,2015,Universal Pictures,RDF Productions LLC,-122.4301214,37.7563756
The Matrix,1999,Warner Bros. Pictures,Silver Pictures,-122.3753585,37.8221664
Always Be My Maybe,2019,Netflix,"Isla Productions, LLC",-122.4491285,37.8026694
Shang-Chi and the Legend of the Ten Rings,2021,Disney/Marvel,Freelance Restorations LLC,-122.4221359,37.8063697
A Man on The Inside,2024,Netflix,"Universal Television, LLC",-122.4467833,37.8023583
Twisted,2004,Paramount Pictures,Paramount Pictures,-122.409821,37.808673
So I Married an Axe Murderer,1993,TriStar Pictures,TriStar Pictures,-122.4073931,37.8004752
Maxie,1985,Orion Pictures Corporation,Elsboy Entertainment,-122.4327961,37.7764653
The Presidio,1988,Paramount Pictures,Paramount Pictures,-122.4785598,37.8199109
The Presidio,1988,Paramount Pictures,Paramount Pictures,-122.4176986,37.7794929
Big Eyes,2014,Weinstein Company,Blink & Wink Productions,-122.4177694,37.8001879
This Is Us,2022,NBC,20th Television,-122.4196461,37.8020026
On the Road,2012,IFC Films & Sundance Selects,SPAD Films,-122.4029987,37.7937951
Dirty Harry,1971,Warner Brothers,The Malpaso Company,-122.4193841,37.7824596
The Enforcer,1976,Warner Bros. Pictures,Warner Bros. Pictures,-122.4058222,37.8023949
Shit and Champagne,2020,,"Shaboom Boom, LLC",-122.417814,37.8012618
Looking Season 2 ep 203,2015,HBO,"Mission Street Productions, LLC",-122.4186605,37.7559644
Chance- Season 1 ep107,2016,HULU,TVM Productions,-122.4195833,37.7546825
Groove,2000,Sony Pictures Classics,415 Productions,-122.3845135,37.755198
Vertigo,1958,Paramount Pictures,Alfred J. Hitchcock Productions,-121.5357205,36.8459168
High Anxiety,1977,Twentieth Century Fox Film Corporation,Twentieth Century Fox Film Corporation,-122.47709,37.8106117
Bicentennial Man,1999,Buena Vista Pictures,1492 Pictures,-122.4133739,37.7918593
Twisted,2004,Paramount Pictures,Paramount Pictures,-122.3877404,37.7894312
Steve Jobs,2015,Universal Pictures,RDF Productions LLC,-122.4156003,37.7987358
Chef Dynasty: House of Fang,2022,Food Network,"Quidnet Media, LLC",-122.3998015,37.785756
The Last Black Man in San Francisco,2019,A24,"LBMISF, LLC",-122.3882617,37.7336171
The Game,1997,Polygram Filmed Entertainment,Polygram Filmed Entertainment,-122.3942999,37.7897
So I Married an Axe Murderer,1993,TriStar Pictures,TriStar Pictures,-122.4613046,37.7650596
Heart and Souls,1993,Electric Parc,Universal Pictures,-122.4602558,37.7726187
The Bachelor,1999,New Line Cinema,George Street Pictures,-122.4059383,37.7896863
Sense8 - Season 2,2016,Netflix,"Unpronounceable Productions, LLC",-122.4331318,37.7413462
Foul Play,1978,Paramount Pictures,Paramount Pictures,-122.4161985,37.7801637
Looking Season 2 ep 209,2015,HBO,"Mission Street Productions, LLC",-122.5049889,37.7336445
Getting Even with Dad,1994,Metro-Goldwyn-Mayer (MGM),Metro-Goldwyn-Mayer (MGM),-122.4061984,37.7873324
The Phone/Jexi,2019,Lionsgate,CBS Films Inc.,-122.432797,37.7592435
Birth of the Dragon,2016,Kylin Pictures,"BOTD U.S. Productions, Inc.",-122.4190741,37.7992119
Sense8 - Season 2,2016,Netflix,"Unpronounceable Productions, LLC",-122.397348,37.8016649
Outerlands,2025,Wolfe Video,"Vajra Films, LLC",-122.4678574,37.7825896
Foul Play,1978,Paramount Pictures,Paramount Pictures,-122.4205316,37.7795597
Super Pumped: The Battle for Uber,2022,Showtime,Possible Productions,-122.3888455,37.7898628
Edtv,1999,MCA / Universal Pictures,Imagine Entertainment,-122.3972753,37.759979
A Taiwanese Tale of Two Cities,2018,Netflix,Envision Productions Inc.,-122.4192417,37.779275
What the Bleep Do We Know,2004,Samuel Goldwyn Films,Captured Light,-122.5300777,37.8451837
Women is Losers,2020,,Look at the Moon Pictures,-122.4104406,37.7537848
Magnum Force,1973,Warner Bros. Pictures,The Malpaso Company,-122.4041754,37.7761709
Kamikaze Hearts,1986,Facets Multimedia Distribution,Leger/Bashore,-122.4333876,37.7639228
Blindspotting Season 2,2022,Starz,Blindspotting Productions Inc,-122.3966387,37.7985824
Sense8 - Season 2,2016,Netflix,"Unpronounceable Productions, LLC",-122.4192417,37.779275
Dreams,2025,The Match Factory GmbH,Suenos Productions LLC,-122.4686755,37.771469
Terminator - Genisys,2015,Paramount Pictures,T5 Productions LLC,-122.3908828,37.7938381
Quitters,2015,,"Frederick & Ashbury, LLC.",-122.401021,37.7750386
A View to a Kill,1985,MGM/UA Entertainment Company,Metro-Goldwyn Mayer,-122.4192417,37.779275
Dr. Dolittle 2,2001,Twentieth Century Fox Film Corp.,Twentieth Century Fox Film Corp.,-122.4389164,37.7952252
Blue Jasmine,2013,Sony Pictures Classics,Perdido Productions,-122.4039391,37.7818248
DEVS,2020,FX Network,Minim Productions,-122.4057299,37.7989855
Magnum Force,1973,Warner Bros. Pictures,The Malpaso Company,-122.4100923,37.7923883
Always Be My Maybe,2019,Netflix,"Isla Productions, LLC",-122.4763165,37.7496701
Boys and Girls,2000,Dimension Films,Punch 21 Productions,-122.4086985,37.7763832
Doctor Dolittle,1998,Twentieth Century Fox Film Cooperation,Twentieth Century Fox Film Cooperation,-122.420094,37.8042687
A Taiwanese Tale of Two Cities,2018,Netflix,Envision Productions Inc.,-122.4332453,37.7775008
Ballers Season 3,2017,HBO,"Chori Perros Productions, LLC",-122.413603,37.8042943
I Am Michael,2015,,That’s Hollywood,-122.4462696,37.775933
The Presidio,1988,Paramount Pictures,Paramount Pictures,-122.4066266,37.7962124
Chance- Season 1 ep103,2016,HULU,TVM Productions,-122.4682799,37.7306244
The Matrix Resurrections,2021,Warner Brothers,"Adobe Pictures, Inc.",-122.4069481,37.7695942
Shit and Champagne,2020,,"Shaboom Boom, LLC",-122.4108571,37.7829286
The Enforcer,1976,Warner Bros. Pictures,Warner Bros. Pictures,-122.4314924,37.7863287
Tales of the City,2019,Netflix,Universal Television LLC,-122.4207642,37.7519664
Foul Play,1978,Paramount Pictures,Paramount Pictures,-122.4291049,37.7904754
Shit and Champagne,2020,,"Shaboom Boom, LLC",-122.4469681,37.7700202
The Woman In Red,1984,MGM Home Entertainment,Orion Pictures Corp.,-122.4044922,37.8010458
The OA Part II,2019,Netflix,Lunar Mining LLC,-122.4275889,37.79165
The Last Black Man in San Francisco,2019,A24,"LBMISF, LLC",-122.4336944,37.7791361
Take the Money and Run,1969,Cinerama Releasing Corporation,American Broadcasting Company (ABC),-122.4238535,37.7394748
Boys and Girls,2000,Dimension Films,Punch 21 Productions,-122.4101808,37.8016649
Milk,2008,Focus Features,Focus Features,-122.435218,37.7627161
The Right Stuff,1983,The Ladd Company,The Ladd Company,-122.3964729,37.7936658
"Play it Again, Sam",1972,Paramount Pictures,Paramount Pictures,-122.4210347,37.8068789
"Murder in the First, Season 1",2014,Turner Network Television (TNT),Turner North Center Productions,-122.4051806,37.8013042
Foul Play,1978,Paramount Pictures,Paramount Pictures,-122.4432146,37.7848375
The Phone/Jexi,2019,Lionsgate,CBS Films Inc.,-122.4074198,37.7997083
Blue Jasmine,2013,Sony Pictures Classics,Perdido Productions,-122.4053893,37.788804
Always Be My Maybe,2019,Netflix,"Isla Productions, LLC",-122.4152538,37.8053227
The Dead Pool,1988,Warner Bros. Pictures,Warner Bros. Pictures,-122.4295929,37.7760625
The Phone/Jexi,2019,Lionsgate,CBS Films Inc.,-122.424317,37.764992
Shang-Chi and the Legend of the Ten Rings,2021,Disney/Marvel,Freelance Restorations LLC,-122.4074218,37.7914957
Looking Season 2 ep 203,2015,HBO,"Mission Street Productions, LLC",-122.4432767,37.726275
Freebie and the Bean,1974,American Broadcasting Company (ABC),Warner Bros. Pictures,-122.4476845,37.7544066
Chance- Season 1 ep107,2016,HULU,TVM Productions,-122.3883351,37.7541045
Sense8 - Season 2,2016,Netflix,"Unpronounceable Productions, LLC",-122.445782,37.760369
My Big Fat Chinese Christmas,2022,Hallmark Channel,Hongbao Productions,-122.3956409,37.7993521
Star Trek IV: The Voyage Home,1986,Paramount Pictures,Paramount Pictures,-122.4053446,37.7970987
Dirty Harry,1971,Warner Brothers,The Malpaso Company,-122.4266135,37.7608223
Looking,2014,Home Box Office (HBO),"Mission Street Productions, LLC",-122.4618706,37.7993009
Sense8,2015,Netflix,"Unpronounceable Productions, LLC",-122.4207943,37.7629824
The Bridge,2006,IFC Films,Easy There Tiger Productions,-122.4785598,37.8199109
The Bachelor,1999,New Line Cinema,George Street Pictures,-122.4076596,37.7927749
DEVS,2020,FX Network,Minim Productions,-122.39277,37.752463
San Francisco,1936,Metro-Goldwyn Mayer,Metro-Goldwyn Mayer,-122.4078009,37.7819145
Fearless,1993,Warner Bros. Pictures,Spring Creek Productions,-122.3899414,37.7909286
Looking Season 2 ep 204,2015,HBO,"Mission Street Productions, LLC",-122.4192115,37.7861704
San Andreas,2015,Warner Bros.,"Upside Down Productions, Inc.",-122.4196461,37.8020026
The Jazz Singer,1927,Warner Bros. Pictures,Warner Bros. Pictures,-122.4104948,37.7975607
Sense8,2015,Netflix,"Unpronounceable Productions, LLC",-122.42129,37.7616648
Age of Adaline,2015,,Lionsgate / Sidney Kimmel Entertainment / Lakeshore Entertainment,-122.4036859,37.7972387
Looking Season 2 ep 209,2015,HBO,"Mission Street Productions, LLC",-122.4100923,37.7923883
Summertime,2015,13 Distribution,"Creative Monster Productions, Inc.",-122.433214,37.769551
San Andreas,2015,Warner Bros.,"Upside Down Productions, Inc.",-122.4099386,37.7987411
The Towering Inferno,1974,Twentieth Century - Fox,Irwin Allen Productions,-122.4133739,37.7918593
The Enforcer,1976,Warner Bros. Pictures,Warner Bros. Pictures,-122.3902572,37.7768525
DEVS,2020,FX Network,Minim Productions,-122.447707,37.7599053
Venom,2018,"Columbia Pictures, Sony Pictures Releasing","L.O.Z. Productions, Inc.",-122.41347,37.79603
When a Man Loves a Woman,1994,Buena Vista Pictures,Touchstone Pictures,-122.4087206,37.7877854
Tales of the City,2019,Netflix,Universal Television LLC,-122.4266135,37.7608223
Experiment in Terror,1962,Columbia Pictures,Columbia Pictures Corporation,-122.4913902,37.7778056
Terminator - Genisys,2015,Paramount Pictures,T5 Productions LLC,-122.4066034,37.7901055
"Play it Again, Sam",1972,Paramount Pictures,Paramount Pictures,-122.4683478,37.7687768
Shang-Chi and the Legend of the Ten Rings,2021,Disney/Marvel,Freelance Restorations LLC,-122.4196461,37.8020026
Foul Play,1978,Paramount Pictures,Paramount Pictures,-122.4327231,37.7760676
Looking Season 2 ep 208,2015,HBO,"Mission Street Productions, LLC",-122.4126175,37.758168
San Andreas,2015,Warner Bros.,"Upside Down Productions, Inc.",-122.4191055,37.7809295
Sneakers,1992,Universal Pictures,Universal Pictures,-122.3976732,37.7992627
Always Be My Maybe,2019,Netflix,"Isla Productions, LLC",-122.4063975,37.7936544
The OA Part II,2019,Netflix,Lunar Mining LLC,-122.4084557,37.7932894
A Man on The Inside,2024,Netflix,"Universal Television, LLC",-122.4102464,37.8007752
Chance- Season 1 ep110,2016,HULU,TVM Productions,-122.4054036,37.7553498
Silicon Valley Season 4,2017,HBO,"Brown Hill Productions, LLC",-122.3993836,37.7847368
Chance- Season 1 ep107,2016,HULU,TVM Productions,-122.4447997,37.7710486
Looking,2014,Home Box Office (HBO),"Mission Street Productions, LLC",-122.3699786,37.825284
Looking,2014,Home Box Office (HBO),"Mission Street Productions, LLC",-122.4089185,37.7529521
Etruscan Smile,2017,TBD,"Po Valley Productions, LLC",-122.41397,37.78269
Sphere,1998,Warner brothers Pictures,Constant c Productions,-122.4178564,37.8109433
Getting Even with Dad,1994,Metro-Goldwyn-Mayer (MGM),Metro-Goldwyn-Mayer (MGM),-122.3857003,37.7135483
Looking Season 2 ep 206,2015,HBO,"Mission Street Productions, LLC",-122.4133892,37.7582
Junior,1994,Universal Pictures,Northern Lights Entertainment,-122.4327961,37.7764653
Junior,1994,Universal Pictures,Northern Lights Entertainment,-122.4327231,37.7760676
The Dead Pool,1988,Warner Bros. Pictures,Warner Bros. Pictures,-122.388993,37.7896419
Sudden Fear,1952,RKO Pictures,Joseph Kaufmann Pictures,-122.4106579,37.7931077
"Murder in the First, Season 1",2014,Turner Network Television (TNT),Turner North Center Productions,-122.3964021,37.7733908
Surface,2022,Apple TV+,"Apple Studios, LLC",-122.4021162,37.7884057
Experiment in Terror,1962,Columbia Pictures,Columbia Pictures Corporation,-122.4211036,37.8023378
Etruscan Smile,2017,TBD,"Po Valley Productions, LLC",-122.4152084,37.7968006
A Man on The Inside,2024,Netflix,"Universal Television, LLC",-122.4056692,37.7973243
Surface,2022,Apple TV+,"Apple Studios, LLC",-122.47709,37.8106117
The Other Sister,1999,Buena Vista Pictures,Mandeville Films,-122.4491285,37.8026694
"Looking ""Special""",2016,HBO,"Mission Street Productions, LLC",-122.4347947,37.7625346
Magnum Force,1973,Warner Bros. Pictures,The Malpaso Company,-122.3902572,37.7768525
Super Pumped: The Battle for Uber,2022,Showtime,Possible Productions,-122.4039109,37.7589957
Mrs. Doubtfire,1993,Twentieth Century Fox Film Corporation,Twentieth Century Fox Film Corporation,-122.4151281,37.8009746
Surface,2022,Apple TV+,"Apple Studios, LLC",-122.4217493,37.8044638
Twisted,2004,Paramount Pictures,Paramount Pictures,-122.4065082,37.7974835
The Matrix Resurrections,2021,Warner Brothers,"Adobe Pictures, Inc.",-122.4057606,37.7915137
San Andreas,2015,Warner Bros.,"Upside Down Productions, Inc.",-122.4037349,37.7924823
Alive,2020,CBS,CBS Corporation - CBS Studios Inc./CBS Television Studios,-122.4484231,37.8029308
Godzilla,2014,Warner Bros. Pictures,"Nautilus Productions, LLC",-122.3952588,37.7967391
Blue Jasmine,2013,Sony Pictures Classics,Perdido Productions,-122.4179625,37.7650165
Doctor Dolittle,1998,Twentieth Century Fox Film Cooperation,Twentieth Century Fox Film Cooperation,-122.4058222,37.8023949
The OA Part II,2019,Netflix,Lunar Mining LLC,-122.3874201,37.7872065
Outerlands,2025,Wolfe Video,"Vajra Films, LLC",-122.4184513,37.7522292
Final Analysis,1992,Warner Bros. Pictures,Warner Bros. Pictures,-122.4810057,37.7923841
The Wedding Planner,2001,Sony Pictures Entertainment,Columbia Pictures,-122.4704359,37.7700913
Dope Queens,2025,TBD,TomorrowLand Productions Co Inc.,-122.42083,37.79049
Getting Even with Dad,1994,Metro-Goldwyn-Mayer (MGM),Metro-Goldwyn-Mayer (MGM),-122.4059509,37.7924672
The Game,1997,Polygram Filmed Entertainment,Polygram Filmed Entertainment,-122.4070248,37.7950898
Ant-Man and the Wasp,2018,Walt Disney Studios Motion Pictures,"PYM Particles Productions II, LLC",-122.412987,37.787177
Looking Season 2 ep 210,2015,HBO,"Mission Street Productions, LLC",-122.4474131,37.7529149
The Last Black Man in San Francisco,2019,A24,"LBMISF, LLC",-122.3701676,37.7288356
DEVS,2020,FX Network,Minim Productions,-122.4365555,37.7639958
Birth of the Dragon,2016,Kylin Pictures,"BOTD U.S. Productions, Inc.",-122.4096207,37.7897897
Bullitt,1968,Warner Brothers,Warner Brothers / Seven Arts Seven Arts,-122.4182831,37.7481051
Quitters,2015,,"Frederick & Ashbury, LLC.",-122.4645362,37.7831283
Looking Season 2 ep 209,2015,HBO,"Mission Street Productions, LLC",-122.4238729,37.7922528
Blindspotting (Season 2),2023,Starz,Blindspotting Productions Inc.,-122.4038852,37.7982294
"Murder in the First, Season 1",2014,Turner Network Television (TNT),Turner North Center Productions,-122.4041754,37.7761709
Looking,2014,Home Box Office (HBO),"Mission Street Productions, LLC",-122.4134224,37.758187
"Looking ""Special""",2016,HBO,"Mission Street Productions, LLC",-122.5085195,37.7798726
The Maltese Falcon,1941,Warner Bros. Pictures,Warner Bros. Pictures,-122.4079258,37.7940728
Edtv,1999,MCA / Universal Pictures,Imagine Entertainment,-122.4023816,37.785562
Women is Losers,2020,,Look at the Moon Pictures,-122.4234988,37.7517472
The Game,1997,Polygram Filmed Entertainment,Polygram Filmed Entertainment,-122.4012644,37.7916591
Looking,2014,Home Box Office (HBO),"Mission Street Productions, LLC",-122.482977,37.7689203
Hulk,2003,Universal Pictures,Universal Pictures,-122.4024482,37.7993875
Chance- Season 1 ep102,2016,HULU,TVM Productions,-122.4087648,37.7876827
High Crimes,2002,Twentieth Century Fox Film Corporation,Twentieth Century Fox Film Corporation,-122.4066608,37.798084
The Game,1997,Polygram Filmed Entertainment,Polygram Filmed Entertainment,-122.4108465,37.7918448
Age of Adaline,2015,,Lionsgate / Sidney Kimmel Entertainment / Lakeshore Entertainment,-122.3839187,37.7741508
"Murder in the First, Season 3",2016,Turner Network Television (TNT),Turner North Center Productions,-122.4042226,37.7765149
When a Man Loves a Woman,1994,Buena Vista Pictures,Touchstone Pictures,-122.4139182,37.789617
Godzilla,2014,Warner Bros. Pictures,"Nautilus Productions, LLC",-122.3989899,37.7942966
Sudden Impact,1983,Warner Bros. Pictures,Warner Bros. Pictures,-122.4215182,37.806447
The Last Black Man in San Francisco,2019,A24,"LBMISF, LLC",-122.4496695,37.7696753
Beautiful Boy,2018,Amazon Studios,Big Indie Pictures,-122.4011547,37.8030707
Class Action,1991,Twentieth Century Fox Film Corp.,Interscope Communications,-122.4192417,37.779275
D.O.A,1950,United Artists,Cardinal Pictures,-122.3947995,37.7944635
Big Eyes,2014,Weinstein Company,Blink & Wink Productions,-122.4176189,37.800359
The Game,1997,Polygram Filmed Entertainment,Polygram Filmed Entertainment,-122.3648992,37.8102258
A Night Full of Rain,1978,Warner Bros. Pictures,Liberty Film,-122.4100923,37.7923883
The Towering Inferno,1974,Twentieth Century - Fox,Irwin Allen Productions,-122.4037515,37.7924396
Cardinal X,2015,,Fire Horse Film Productions LLC,-122.3878553,37.730091
Goliath- Season 4,2021,Amazon Studios,"Picrow, Inc.",-122.4198242,37.8029324
Looking Season 2 ep 205,2015,HBO,"Mission Street Productions, LLC",-122.4294287,37.7683721
A Man on The Inside,2024,Netflix,"Universal Television, LLC",-122.4143334,37.7912071
Bitter Melon,2018,"ABS-CBN, Gravitas Ventures",Bitter Melon Film LLC/Mammoth Pictures,-122.4493491,37.7203531
What's Up Doc?,1972,Warner Bros. Pictures,Warner Bros. Pictures,-122.4377047,37.791209
Steve Jobs,2015,Universal Pictures,RDF Productions LLC,-122.4065086,37.7827307
It Came From Beneath the Sea,1955,Columbia Pictures,Clover Productions,-122.4650165,37.8040257
The Enforcer,1976,Warner Bros. Pictures,Warner Bros. Pictures,-122.4039338,37.7752858
Shit and Champagne,2020,,"Shaboom Boom, LLC",-122.412987,37.787177
Family Plot,1976,Universal Pictures,Universal Pictures,-122.4174229,37.7910067
Chance Season 2,2017,Hulu,TVM Productions Inc.,-122.4130739,37.7913967
Nine Months,1995,Twentieth Century Fox Film Corp.,1492 Pictures,-122.44878,37.7698924
Love & Taxes,2014,,Bad Company Films,-122.42204,37.7562898
Dawn of the Planet of the Apes,2014,Twentieth Century Fox,"Fox Louisiana Productions, LLC",-122.4091939,37.7920536
The Game,1997,Polygram Filmed Entertainment,Polygram Filmed Entertainment,-122.4069884,37.7900488
Bullitt,1968,Warner Brothers,Warner Brothers / Seven Arts Seven Arts,-122.4420204,37.7946105
A Taiwanese Tale of Two Cities,2018,Netflix,Envision Productions Inc.,-122.418291,37.7530804
Fairyland,2023,Lionsgate,Portals of the Past LLC,-122.3924312,37.7573748
Mrs. Doubtfire,1993,Twentieth Century Fox Film Corporation,Twentieth Century Fox Film Corporation,-122.3927897,37.7932769
Experiment in Terror,1962,Columbia Pictures,Columbia Pictures Corporation,-122.3967727,37.7933931
Ant-Man,2015,Walt Disney Studios Motion Pictures,"PYM Particles Productions, LLC",-122.3977904,37.7934117
A Man on The Inside,2024,Netflix,"Universal Television, LLC",-122.4116073,37.8080746
The Last Black Man in San Francisco,2019,A24,"LBMISF, LLC",-122.3757745,37.7322136
"Budding Prospects, Pilot",2017,Amazon,Picrow Streaming Inc.,-122.4126218,37.7422572
Quicksilver,1986,Columbia Pictures,Columbia Pictures Corporation,-122.4012774,37.791795
Looking,2014,Home Box Office (HBO),"Mission Street Productions, LLC",-122.4066183,37.787552
The Phone/Jexi,2019,Lionsgate,CBS Films Inc.,-122.3926144,37.7574316
Ballers Season 3,2017,HBO,"Chori Perros Productions, LLC",-122.4100923,37.7923883
Tales of the City,2019,Netflix,Universal Television LLC,-122.4065996,37.7976052
The Presidio,1988,Paramount Pictures,Paramount Pictures,-122.4014336,37.7892735
Chance- Season 1 ep106,2016,HULU,TVM Productions,-122.4057559,37.7901568
A View to a Kill,1985,MGM/UA Entertainment Company,Metro-Goldwyn Mayer,-122.3909413,37.7773998
Contagion,2011,Warner Bros. Pictures,The Keres Corporation,-122.3924635,37.7672951
Tales of the City,2019,Netflix,Universal Television LLC,-122.4173724,37.7635614
The Diary of a Teenage Girl,2015,Sony Pictures Classics,"Diary the Movie, LLC",-122.3668348,37.8108709
D.O.A,1950,United Artists,Cardinal Pictures,-122.4091939,37.7920536
"Smile Again, Jenny Lee",2015,,Carlo Caldana/Marguery Films,-122.4791515,37.780586
The Last Black Man in San Francisco,2019,A24,"LBMISF, LLC",-122.4133,37.73888
Need For Speed,2014,Walt Disney Studios Motion Pictures,"Need For Speed Productions, LLC",-122.4123016,37.79176
When We Rise,2017,Amercian Broadcasting Company,Film 49 Productions,-122.4350194,37.7623472
Always Be My Maybe,2019,Netflix,"Isla Productions, LLC",-122.4453785,37.770232
Age of Adaline,2015,,Lionsgate / Sidney Kimmel Entertainment / Lakeshore Entertainment,-122.4063767,37.7811475
The OA Part II,2019,Netflix,Lunar Mining LLC,-122.4044245,37.7771618
Shit and Champagne,2020,,"Shaboom Boom, LLC",-122.4042785,37.8001038
The Princess Diaries,2001,Buena Vista Pictures,Walt Disney Pictures,-122.5137962,37.7783123
GirlBoss,2017,Netflix,"Hippolyta Productions, LLC",-122.4294493,37.7724593
So I Married an Axe Murderer,1993,TriStar Pictures,TriStar Pictures,-122.4225222,37.7650784
Maintenance Required,2025,Amazon MGM Studios,ROUKYA FILMS,-122.4064769,37.7975922
Chance - Season 1 Pilot,2016,HULU,TVM Productions,-122.4102464,37.8007752
"Murder in the First, Season 3",2016,Turner Network Television (TNT),Turner North Center Productions,-122.4247155,37.7778237
Time After Time,1979,Columbia Broadcasting System (CBS),Orion Pictures Corp.,-122.4443547,37.7988553
Sense8,2015,Netflix,"Unpronounceable Productions, LLC",-122.4413641,37.7561883
Birth of the Dragon,2016,Kylin Pictures,"BOTD U.S. Productions, Inc.",-122.4948301,37.7867005
Shang-Chi and the Legend of the Ten Rings,2021,Disney/Marvel,Freelance Restorations LLC,-122.416734,37.7541168
Bitter Melon,2018,"ABS-CBN, Gravitas Ventures",Bitter Melon Film LLC/Mammoth Pictures,-122.4326657,37.7313057
The Matrix Resurrections,2021,Warner Brothers,"Adobe Pictures, Inc.",-122.4076955,37.7848737
The Diary of a Teenage Girl,2015,Sony Pictures Classics,"Diary the Movie, LLC",-122.403488,37.7607559
Sense8 - Season 2,2016,Netflix,"Unpronounceable Productions, LLC",-122.3941616,37.7734603
Copycat,1995,Warner Bros. Pictures,Regency Enterprises,-122.3929881,37.7860548
The Last Black Man in San Francisco,2019,A24,"LBMISF, LLC",-122.38136,37.73879
Looking,2014,Home Box Office (HBO),"Mission Street Productions, LLC",-122.428974,37.7674063
Casualties of War,1989,Columbia Pictures,Columbia Pictures Corporation,-122.4266135,37.7608223
Nash Bridges,2021,USA Nework,"Village NB Productions, LLC",-122.4046394,37.7978403
Looking Season 2 ep 204,2015,HBO,"Mission Street Productions, LLC",-122.4191887,37.7879923
A Man on The Inside,2024,Netflix,"Universal Television, LLC",-122.4243125,37.7984423
Women is Losers,2020,,Look at the Moon Pictures,-122.4138313,37.7471041
Venom,2018,"Columbia Pictures, Sony Pictures Releasing","L.O.Z. Productions, Inc.",-122.4063952,37.7986067
"Budding Prospects, Pilot",2017,Amazon,Picrow Streaming Inc.,-122.4108534,37.7525985
Time After Time,1979,Columbia Broadcasting System (CBS),Orion Pictures Corp.,-122.4121403,37.7922657
Dawn of the Planet of the Apes,2014,Twentieth Century Fox,"Fox Louisiana Productions, LLC",-122.4192417,37.779275
The Phone/Jexi,2019,Lionsgate,CBS Films Inc.,-122.4309229,37.7643864
Chance - Season 1 Pilot,2016,HULU,TVM Productions,-122.4129143,37.7847543
Etruscan Smile,2017,TBD,"Po Valley Productions, LLC",-122.5008374,37.7845037
50 First Dates,2004,Columbia Pictures,Columbia Pictures Corporation,-122.4146499,37.8080677
Surface,2022,Apple TV+,"Apple Studios, LLC",-122.4760613,37.805407
Golden Gate,1994,Metro-Goldwyn-Mayer (MGM),Metro-Goldwyn-Mayer (MGM),-122.4157619,37.7811225
The OA Part II,2019,Netflix,Lunar Mining LLC,-122.3956409,37.7993521
A View to a Kill,1985,MGM/UA Entertainment Company,Metro-Goldwyn Mayer,-122.3921851,37.7947758
Chance Season 2,2017,Hulu,TVM Productions Inc.,-122.4261014,37.7725136
What Dreams May Come,1998,Polygram Filmed Entertainment,Polygram Filmed Entertainment,-122.3699786,37.825284
Nash Bridges,2021,USA Nework,"Village NB Productions, LLC",-122.4152693,37.8041563
Quitters,2015,,"Frederick & Ashbury, LLC.",-122.410427,37.792419
Foul Play,1978,Paramount Pictures,Paramount Pictures,-122.4172704,37.7588719
Sonic the Hedgehog,2020,Paramount Pictures,"Paramount Overseas Productions, Inc.",-122.40086,37.79202
Getting Even with Dad,1994,Metro-Goldwyn-Mayer (MGM),Metro-Goldwyn-Mayer (MGM),-122.39658,37.79021
Invasion of the Body Snatchers,1978,United Artists,Solofilm,-122.4327231,37.7760676
"Smile Again, Jenny Lee",2015,,Carlo Caldana/Marguery Films,-122.4062859,37.7977712
The Last Black Man in San Francisco,2019,A24,"LBMISF, LLC",-122.4185349,37.7560308
The Matrix Resurrections,2021,Warner Brothers,"Adobe Pictures, Inc.",-122.40133,37.79428
The Moon Is in Aquarius,2024,Deskpop Entertainment,TMIIAquarius Movie LLC,-122.4011537,37.7904462
Goliath- Season 4,2021,Amazon Studios,"Picrow, Inc.",-122.4069298,37.7950135
Chance- Season 1 ep102,2016,HULU,TVM Productions,-122.4151417,37.788739
Sonic the Hedgehog,2020,Paramount Pictures,"Paramount Overseas Productions, Inc.",-122.4035145,37.7787489
"Budding Prospects, Pilot",2017,Amazon,Picrow Streaming Inc.,-122.4126145,37.7524122
Sudden Fear,1952,RKO Pictures,Joseph Kaufmann Pictures,-122.4195579,37.8020179
Love & Taxes,2014,,Bad Company Films,-122.421353,37.7558511
Big Eyes,2014,Weinstein Company,Blink & Wink Productions,-122.4023375,37.7939998
The Moon Is in Aquarius,2024,Deskpop Entertainment,TMIIAquarius Movie LLC,-122.41874,37.802139
Etruscan Smile,2017,TBD,"Po Valley Productions, LLC",-122.4008102,37.7942355
"Murder in the First, Season 2",2015,Turner Network Television (TNT),Turner North Center Productions,-122.395262,37.7611617
The Phone/Jexi,2019,Lionsgate,CBS Films Inc.,-122.4047486,37.8052715
"Looking ""Special""",2016,HBO,"Mission Street Productions, LLC",-122.4113891,37.7398411
Milk,2008,Focus Features,Focus Features,-122.4011213,37.7943686
After the Thin Man,1936,Metro-Goldwyn Mayer,Metro-Goldwyn Mayer,-122.4058222,37.8023949
The Rock,1996,Buena Vista Pictures,Hollywood Pictures,-122.3863551,37.771241
Nine Months,1995,Twentieth Century Fox Film Corp.,1492 Pictures,-122.405629,37.7555919
Surface Season 1,2022,Apple TV+,"Apple Studios, LLC",-122.40274,37.78896
Never Die Twice,2001,,Scott / Kelly Films,-122.4327231,37.7760676
Clickbait,2021,Netflix,"MasterKey Studios, Inc.",-122.4024302,37.7964911
Dirty Harry,1971,Warner Brothers,The Malpaso Company,-122.3866097,37.760628
A Night Full of Rain,1978,Warner Bros. Pictures,Liberty Film,-122.3976732,37.7992627
Goliath,2021,Amazon Prime Video,Amazon Studios,-122.4148304,37.7940383
"Murder in the First, Season 1",2014,Turner Network Television (TNT),Turner North Center Productions,-122.4174783,37.80968
The Dead Pool,1988,Warner Bros. Pictures,Warner Bros. Pictures,-122.4899615,37.7875474
Magnum Force,1973,Warner Bros. Pictures,The Malpaso Company,-122.3816274,37.6191145
Birth of the Dragon,2016,Kylin Pictures,"BOTD U.S. Productions, Inc.",-122.4172398,37.7984921
The Princess Diaries,2001,Buena Vista Pictures,Walt Disney Pictures,-122.4289351,37.7216607
Twisted,2004,Paramount Pictures,Paramount Pictures,-122.4071843,37.7992936
Class Action,1991,Twentieth Century Fox Film Corp.,Interscope Communications,-122.4271581,37.7643792
Shit and Champagne,2020,,"Shaboom Boom, LLC",-122.415024,37.772931
Ant-Man and the Wasp,2018,Walt Disney Studios Motion Pictures,"PYM Particles Productions II, LLC",-122.3844933,37.7741457
The Love Bug,1968,Buena Vista Distribution,Walt Disney Productions,-122.4785598,37.8199109
Boys and Girls,2000,Dimension Films,Punch 21 Productions,-122.4505048,37.769187
Nash Bridges,2021,USA Nework,"Village NB Productions, LLC",-122.3875896,37.760562
The Lineup,1958,Columbia Pictures,Pajemer Productions,-122.4205316,37.7795597
Ant-Man,2015,Walt Disney Studios Motion Pictures,"PYM Particles Productions, LLC",-122.42083,37.79049
180,2011,,SPI Cinemas,-122.4383192,37.764426
When We Rise,2017,Amercian Broadcasting Company,Film 49 Productions,-122.4147491,37.7795066
Americana,2015,,Sutro Films LLC,-122.448805,37.7908696
"Murder in the First, Season 1",2014,Turner Network Television (TNT),Turner North Center Productions,-122.4141668,37.7522639
The Phone/Jexi,2019,Lionsgate,CBS Films Inc.,-122.3954694,37.7896052
"Murder in the First, Season 2",2015,Turner Network Television (TNT),Turner North Center Productions,-122.4113408,37.7805058
"Murder in the First, Season 2",2015,Turner Network Television (TNT),Turner North Center Productions,-122.3970097,37.756154
Summertime,2015,14 Distribution,"Creative Monster Productions, Inc.",-122.4327866,37.769982
Looking Season 2 ep 203,2015,HBO,"Mission Street Productions, LLC",-122.4538889,37.7675
Indiana Jones and the Last Crusade,1989,Paramount Pictures,Paramount Pictures,-122.371174,37.8173771
It Came From Beneath the Sea,1955,Columbia Pictures,Clover Productions,-122.3931774,37.7277164
Looking,2014,Home Box Office (HBO),"Mission Street Productions, LLC",-122.4104463,37.7857289
"Murder in the First, Season 2",2015,Turner Network Television (TNT),Turner North Center Productions,-122.3951441,37.7558204
GirlBoss,2017,Netflix,"Hippolyta Productions, LLC",-122.4140253,37.7999239
Nash Bridges,2021,USA Nework,"Village NB Productions, LLC",-122.4063311,37.7929863
Nash Bridges,2021,USA Nework,"Village NB Productions, LLC",-122.4418009,37.7926906
Heart Beat,1980,Orion Pictures Corporation,Orion Pictures Corporation,-122.4066213,37.7976271
The Phone/Jexi,2019,Lionsgate,CBS Films Inc.,-122.3974916,37.7870655
Dope Queens,2025,TBD,TomorrowLand Productions Co Inc.,-122.419583,37.786655
Alive,2020,CBS,CBS Corporation - CBS Studios Inc./CBS Television Studios,-122.3908828,37.7938381
Big Eyes,2014,Weinstein Company,Blink & Wink Productions,-122.4101623,37.8014041
Experiment in Terror,1962,Columbia Pictures,Columbia Pictures Corporation,-122.4022503,37.7892447
Nash Bridges,2021,USA Nework,"Village NB Productions, LLC",-122.4074094,37.7824123
Boys and Girls,2000,Dimension Films,Punch 21 Productions,-122.4192417,37.779275
Junior,1994,Universal Pictures,Northern Lights Entertainment,-122.4100923,37.7923883
After the Hunt,2024,Amazon MGM Studios,Big Indie Helios Inc.,-122.4007361,37.7582806
"Smile Again, Jenny Lee",2015,,Carlo Caldana/Marguery Films,-122.4020406,37.7891149
When We Rise,2017,Amercian Broadcasting Company,Film 49 Productions,-122.4073369,37.7846025
The Other Sister,1999,Buena Vista Pictures,Mandeville Films,-122.4101808,37.8016649
Chance Season 2,2017,Hulu,TVM Productions Inc.,-122.4022741,37.8041851
Dope Queens,2025,TBD,TomorrowLand Productions Co Inc.,-122.4163229,37.7864476
Tales of the City,2019,Netflix,Universal Television LLC,-122.4464706,37.792824
Blue Jasmine,2013,Sony Pictures Classics,Perdido Productions,-122.3874941,37.61993
American Graffiti,1973,Universal Pictures',Universal Pictures,-122.4548971,37.7811352
When We Rise,2017,Amercian Broadcasting Company,Film 49 Productions,-122.4121121,37.7678605
Bicentennial Man,1999,Buena Vista Pictures,1492 Pictures,-122.4192417,37.779275
Looking,2014,Home Box Office (HBO),"Mission Street Productions, LLC",-122.5028052,37.7195436
Fremont,2023,Music Box Films,Fremont The Movie LLC,-122.4259924,37.7917772
Getting Even with Dad,1994,Metro-Goldwyn-Mayer (MGM),Metro-Goldwyn-Mayer (MGM),-122.4115702,37.7954186
Vertigo,1958,Paramount Pictures,Alfred J. Hitchcock Productions,-122.4100923,37.7923883
Dirty Harry,1971,Warner Brothers,The Malpaso Company,-122.4547542,37.7383582
"Budding Prospects, Pilot",2017,Amazon,Picrow Streaming Inc.,-122.424981,37.7932989
When a Man Loves a Woman,1994,Buena Vista Pictures,Touchstone Pictures,-122.444467,37.765892
The Towering Inferno,1974,Twentieth Century - Fox,Irwin Allen Productions,-122.4298494,37.789629
Blue Jasmine,2013,Sony Pictures Classics,Perdido Productions,-122.439016,37.8066961
Sister Act 2: Back in the Habit,1993,Buena Vista Pictures,Touchstone Pictures,-122.4037515,37.7924396
The Lineup,1958,Columbia Pictures,Pajemer Productions,-122.4294853,37.7933789
Dope Queens,2025,TBD,TomorrowLand Productions Co Inc.,-122.4217493,37.8044638
Blue Jasmine,2013,Sony Pictures Classics,Perdido Productions,-122.420405,37.7584613
The Dead Pool,1988,Warner Bros. Pictures,Warner Bros. Pictures,-122.41002,37.775904
Women is Losers,2020,,Look at the Moon Pictures,-122.4548745,37.7475379
Etruscan Smile,2017,TBD,"Po Valley Productions, LLC",-122.4391133,37.7849743
A View to a Kill,1985,MGM/UA Entertainment Company,Metro-Goldwyn Mayer,-122.4048082,37.7944675
Nash Bridges,2021,USA Nework,"Village NB Productions, LLC",-122.4039109,37.7589957
Twisted,2004,Paramount Pictures,Paramount Pictures,-122.3875367,37.7859834
"Murder in the First, Season 1",2014,Turner Network Television (TNT),Turner North Center Productions,-122.4101587,37.7440245
Bullitt,1968,Warner Brothers,Warner Brothers / Seven Arts Seven Arts,-122.4329885,37.7976449
The Net,1995,Columbia Pictures,Columbia Pictures Corp.,-122.40069,37.7843234
Invasion of the Body Snatchers,1978,United Artists,Solofilm,-122.4150923,37.7781588
Dreams,2025,The Match Factory GmbH,Suenos Productions LLC,-122.4205316,37.7795597
The Princess Diaries,2001,Buena Vista Pictures,Walt Disney Pictures,-122.4470113,37.7947425
Quitters,2015,,"Frederick & Ashbury, LLC.",-122.4529153,37.7862725
Mrs. Doubtfire,1993,Twentieth Century Fox Film Corporation,Twentieth Century Fox Film Corporation,-122.4078578,37.7997928
Surface,2022,Apple TV+,"Apple Studios, LLC",-122.4307999,37.772151
Etruscan Smile,2017,TBD,"Po Valley Productions, LLC",-122.4050769,37.8000138
Godzilla,2014,Warner Bros. Pictures,"Nautilus Productions, LLC",-122.4067083,37.7978824
Shit and Champagne,2020,,"Shaboom Boom, LLC",-122.4350906,37.7623336
Sense8,2015,Netflix,"Unpronounceable Productions, LLC",-122.4478247,37.8015802
Chance - Season 1 Pilot,2016,HULU,TVM Productions,-122.4098155,37.8002479
I Am Michael,2015,,That’s Hollywood,-122.4354137,37.7624058
Freebie and the Bean,1974,American Broadcasting Company (ABC),Warner Bros. Pictures,-122.3956663,37.7942169
The Last Black Man in San Francisco,2019,A24,"LBMISF, LLC",-122.435218,37.7627161
Fairyland,2023,Lionsgate,Portals of the Past LLC,-122.4095374,37.7537874
"Looking ""Special""",2016,HBO,"Mission Street Productions, LLC",-122.4189693,37.7754706
Petulia,1968,Warner Brothers / Seven Arts,Warner Brothers / Seven Arts,-122.47709,37.8106117
The Presidio,1988,Paramount Pictures,Paramount Pictures,-122.47709,37.8106117
Sudden Fear,1952,RKO Pictures,Joseph Kaufmann Pictures,-122.4197304,37.8007671
Women is Losers,2020,,Look at the Moon Pictures,-122.4573369,37.7491171
"Murder in the First, Season 2",2015,Turner Network Television (TNT),Turner North Center Productions,-122.3946888,37.7530052
It Came From Beneath the Sea,1955,Columbia Pictures,Clover Productions,-122.4785598,37.8199109
Experiment in Terror,1962,Columbia Pictures,Columbia Pictures Corporation,-122.4505057,37.7576789
Chance- Season 1 ep109,2016,HULU,TVM Productions,-122.4048266,37.7751349
Chance Season 2,2017,Hulu,TVM Productions Inc.,-122.4383558,37.7690522
Ant-Man and the Wasp,2018,Walt Disney Studios Motion Pictures,"PYM Particles Productions II, LLC",-122.4228188,37.8014683
DEVS,2020,FX Network,Minim Productions,-122.39061,37.78801
Big Eyes,2014,Weinstein Company,Blink & Wink Productions,-122.4074198,37.7997083
Mother,1996,Paramount Pictures,Paramount Pictures,-122.4785598,37.8199109
Chance- Season 1 ep102,2016,HULU,TVM Productions,-122.408452,37.7746062
Chance- Season 1 ep102,2016,HULU,TVM Productions,-122.4092654,37.7934919
Looking,2014,Home Box Office (HBO),"Mission Street Productions, LLC",-122.4216732,37.7645244
Swing,2003,Crazy Dreams Entertainment,unlisted,-122.4214374,37.7877221
Ant-Man and the Wasp,2018,Walt Disney Studios Motion Pictures,"PYM Particles Productions II, LLC",-122.4192681,37.8001413
Woman on Top,2000,Fox Searchlight Pictures,Fox Searchlight Pictures,-122.4303648,37.7723837
Ant-Man and the Wasp,2018,Walt Disney Studios Motion Pictures,"PYM Particles Productions II, LLC",-122.4160976,37.7844584
So I Married an Axe Murderer,1993,TriStar Pictures,TriStar Pictures,-122.4065207,37.7822008
Nine Months,1995,Twentieth Century Fox Film Corp.,1492 Pictures,-122.4068124,37.7975023
"Looking ""Special""",2016,HBO,"Mission Street Productions, LLC",-122.411015,37.7746
Pushing Dead,2016,TBD,"Pushing Dead , LLC",-122.4165737,37.7646229
Petulia,1968,Warner Brothers / Seven Arts,Warner Brothers / Seven Arts,-122.4704359,37.7700913
Venom,2018,"Columbia Pictures, Sony Pictures Releasing","L.O.Z. Productions, Inc.",-122.3895614,37.7904588
Woman on the Run,1950,Universal Pictures,Fidelity Pictures Corporation,-122.41091,37.791162
High Crimes,2002,Twentieth Century Fox Film Corporation,Twentieth Century Fox Film Corporation,-122.4037515,37.7924396
Bitter Melon,2018,"ABS-CBN, Gravitas Ventures",Bitter Melon Film LLC/Mammoth Pictures,-122.4227025,37.7646509
Dope Queens,2025,TBD,TomorrowLand Productions Co Inc.,-122.4187159,37.7880211
Escape From Alcatraz,1979,Paramount Pictures,Paramount Pictures,-122.4230122,37.8266636
Super Pumped: The Battle for Uber,2022,Showtime,Possible Productions,-122.4190741,37.7992119
Godzilla,2014,Warner Bros. Pictures,"Nautilus Productions, LLC",-122.3956409,37.7993521
Quitters,2015,,"Frederick & Ashbury, LLC.",-122.4023514,37.7849884
"Looking ""Special""",2016,HBO,"Mission Street Productions, LLC",-122.4348896,37.762326
Venom,2018,"Columbia Pictures, Sony Pictures Releasing","L.O.Z. Productions, Inc.",-122.40602,37.79426
The Presidio,1988,Paramount Pictures,Paramount Pictures,-122.4180794,37.7775173
When We Rise,2017,Amercian Broadcasting Company,Film 49 Productions,-122.4351131,37.7607045
DEVS,2020,FX Network,Minim Productions,-122.3976413,37.7626458
A Taiwanese Tale of Two Cities,2018,Netflix,Envision Productions Inc.,-122.4491285,37.8026694
A Taiwanese Tale of Two Cities,2018,Netflix,Envision Productions Inc.,-122.4126216,37.7422467
Chance- Season 1 ep102,2016,HULU,TVM Productions,-122.4316009,37.7691838
Petulia,1968,Warner Brothers / Seven Arts,Warner Brothers / Seven Arts,-122.4254618,37.7967479
Junior,1994,Universal Pictures,Northern Lights Entertainment,-122.4147491,37.7795066
Birth of the Dragon,2016,Kylin Pictures,"BOTD U.S. Productions, Inc.",-122.4069298,37.7950135
Nine Months,1995,Twentieth Century Fox Film Corp.,1492 Pictures,-122.4345097,37.7754224
Looking,2014,Home Box Office (HBO),"Mission Street Productions, LLC",-122.43489,37.771831
Bedazzled,2000,Twentieth Century Fox Film Corp.,Twentieth Century Fox Film Corp.,-122.4019961,37.7888143
Star Trek IV: The Voyage Home,1986,Paramount Pictures,Paramount Pictures,-122.4044021,37.7929164
Around the Fire,1998,Ardustry Home Entertainment,Paradigm Studio,-122.510734,37.7593921
When a Man Loves a Woman,1994,Buena Vista Pictures,Touchstone Pictures,-122.4188108,37.7938177
Summertime,2015,10 Distribution,"Creative Monster Productions, Inc.",-122.408083,37.793978
Dream for an Insomniac,1996,Columbia TriStar Home Video,Triton Productions,-122.483638,37.7935724
Milk,2008,Focus Features,Focus Features,-122.4785598,37.8199109
The Dead Pool,1988,Warner Bros. Pictures,Warner Bros. Pictures,-122.4093228,37.7940749
Chance Season 2,2017,Hulu,TVM Productions Inc.,-122.4473926,37.7899488
Star Trek IV: The Voyage Home,1986,Paramount Pictures,Paramount Pictures,-122.4038481,37.7973677
Goliath- Season 4,2021,Amazon Studios,"Picrow, Inc.",-122.3874201,37.7872065
Outerlands,2025,Wolfe Video,"Vajra Films, LLC",-122.4592888,37.7866411
Etruscan Smile,2017,TBD,"Po Valley Productions, LLC",-122.4015083,37.7861347
"Murder in the First, Season 1",2014,Turner Network Television (TNT),Turner North Center Productions,-122.4069298,37.7950135
Surface,2022,Apple TV+,"Apple Studios, LLC",-122.4072337,37.7958746
Copycat,1995,Warner Bros. Pictures,Regency Enterprises,-122.4476845,37.7544066
Ant-Man and the Wasp,2018,Walt Disney Studios Motion Pictures,"PYM Particles Productions II, LLC",-122.401109,37.7894171
When We Rise,2017,Amercian Broadcasting Company,Film 49 Productions,-122.4351507,37.7604765
Looking Season 2 ep 202,2015,HBO,"Mission Street Productions, LLC",-122.4293384,37.7693293
About a Boy,2014,National Broadcasting Company,NBC Studios,-122.4087091,37.7900405
Gentleman Jim,1942,Warner Bros. Pictures,Warner Bros. Pictures,-122.4078009,37.7819145
GirlBoss,2017,Netflix,"Hippolyta Productions, LLC",-122.4194642,37.75974
The Lady from Shanghai,1947,Columbia Pictures,Columbia Pictures Corp.,-122.482977,37.7689203
Copycat,1995,Warner Bros. Pictures,Regency Enterprises,-122.3699786,37.825284
The Phone/Jexi,2019,Lionsgate,CBS Films Inc.,-122.4214133,37.7878701
"Budding Prospects, Pilot",2017,Amazon,Picrow Streaming Inc.,-122.4226803,37.753209
"Murder in the First, Season 1",2014,Turner Network Television (TNT),Turner North Center Productions,-122.3973037,37.7940487
Seven Girlfriends,1999,Lions Gate Films Home Entertainment,White Dwarf Productions,-122.4785598,37.8199109
Joy Luck Club,1993,National Broadcasting Company (NBC),Hollywood Pictures,-122.4074756,37.7937631
Chance- Season 1 ep110,2016,HULU,TVM Productions,-122.5038779,37.7363439
Ant-Man,2015,Walt Disney Studios Motion Pictures,"PYM Particles Productions, LLC",-122.371174,37.8173771
Venom,2018,"Columbia Pictures, Sony Pictures Releasing","L.O.Z. Productions, Inc.",-122.4198242,37.8029324
The Conversation,1974,Paramount Pictures,American Zoetrope,-122.434819,37.7763694
The Matrix Resurrections,2021,Warner Brothers,"Adobe Pictures, Inc.",-122.3967207,37.7904745
Invasion of the Body Snatchers,1978,United Artists,Solofilm,-122.4045546,37.8004678
Dim Sum: A Little Bit of Heart,1985,Orion Classics,CIM,-122.4048082,37.7944675
Shang-Chi and the Legend of the Ten Rings,2021,Disney/Marvel,Freelance Restorations LLC,-122.4093236,37.7920732
Dope Queens,2025,TBD,TomorrowLand Productions Co Inc.,-122.4048266,37.7751349
Shit and Champagne,2020,,"Shaboom Boom, LLC",-122.4351131,37.7607045
Tales of the City,2019,Netflix,Universal Television LLC,-122.435038,37.7608968
The Diary of a Teenage Girl,2015,Sony Pictures Classics,"Diary the Movie, LLC",-122.4678211,37.7829633
Looking Season 2 ep 205,2015,HBO,"Mission Street Productions, LLC",-122.4031908,37.7486564
Time After Time,1979,Columbia Broadcasting System (CBS),Orion Pictures Corp.,-122.4660947,37.7698646
Fearless,1993,Warner Bros. Pictures,Spring Creek Productions,-122.4789708,37.7927708
Dope Queens,2025,TBD,TomorrowLand Productions Co Inc.,-122.4113746,37.7875383
Chance- Season 1 ep103,2016,HULU,TVM Productions,-122.4058947,37.7684814
The Lady from Shanghai,1947,Columbia Pictures,Columbia Pictures Corp.,-122.4071098,37.7963338
Sense8,2015,Netflix,"Unpronounceable Productions, LLC",-122.4212203,37.7735081
"Smile Again, Jenny Lee",2015,,Carlo Caldana/Marguery Films,-122.4015158,37.7948569
Joy Luck Club,1993,National Broadcasting Company (NBC),Hollywood Pictures,-122.4025652,37.7619709
Invasion of the Body Snatchers,1978,United Artists,Solofilm,-122.4044426,37.8066719
Cardinal X,2015,,Fire Horse Film Productions LLC,-122.3897028,37.7580456
"Looking ""Special""",2016,HBO,"Mission Street Productions, LLC",-122.403745,37.777312
Shit and Champagne,2020,,"Shaboom Boom, LLC",-122.4055626,37.7905824
Invasion of the Body Snatchers,1978,United Artists,Solofilm,-122.4027468,37.7950185
A Man on The Inside,2024,Netflix,"Universal Television, LLC",-122.4038531,37.779678
When a Man Loves a Woman,1994,Buena Vista Pictures,Touchstone Pictures,-122.4030445,37.7572634
The Dead Pool,1988,Warner Bros. Pictures,Warner Bros. Pictures,-122.4102464,37.8007752
Sudden Impact,1983,Warner Bros. Pictures,Warner Bros. Pictures,-122.4176986,37.7794929
Doctor Dolittle,1998,Twentieth Century Fox Film Cooperation,Twentieth Century Fox Film Cooperation,-122.4319526,37.7878177
Big Sur,2013,,3311 Productions,-122.406019,37.7975646
Marnie,1964,Universal Pictures,Universal Pictures,-122.38489,37.773931
Blue Jasmine,2013,Sony Pictures Classics,Perdido Productions,-122.4493528,37.7695639
Dr. Dolittle 2,2001,Twentieth Century Fox Film Corp.,Twentieth Century Fox Film Corp.,-122.4456642,37.7831803
Foul Play,1978,Paramount Pictures,Paramount Pictures,-122.4286026,37.7865123
The Wedding Planner,2001,Sony Pictures Entertainment,Columbia Pictures,-122.4133739,37.7918593
"Smile Again, Jenny Lee",2015,,Carlo Caldana/Marguery Films,-122.4035607,37.7647357
Nash Bridges,2021,USA Nework,"Village NB Productions, LLC",-122.4069298,37.7950135
Harold and Maude,1971,Paramount Pictures,Mildred Lewis and Colin Higgins Productions,-122.4602558,37.7726187
Nine Months,1995,Twentieth Century Fox Film Corp.,1492 Pictures,-122.4650165,37.8040257
D.O.A,1950,United Artists,Cardinal Pictures,-122.4415459,37.7737251
Venom,2018,"Columbia Pictures, Sony Pictures Releasing","L.O.Z. Productions, Inc.",-122.3883985,37.7896411
The Last Black Man in San Francisco,2019,A24,"LBMISF, LLC",-122.4840809,37.7631373
Burglar,1987,Warner Bros. Pictures,Warner Bros. Pictures,-122.3968391,37.7627149
Surface,2022,Apple TV+,"Apple Studios, LLC",-122.4064769,37.7975922
Freebie and the Bean,1974,American Broadcasting Company (ABC),Warner Bros. Pictures,-122.3976732,37.7992627
Looking,2014,Home Box Office (HBO),"Mission Street Productions, LLC",-122.4097206,37.7529677
Summertime,2015,5 Distribution,"Creative Monster Productions, Inc.",-122.4404288,37.770853
Dirty Harry,1971,Warner Brothers,The Malpaso Company,-122.4102464,37.8007752
A Man on The Inside,2024,Netflix,"Universal Television, LLC",-122.3894398,37.7888519
DEVS,2020,FX Network,Minim Productions,-122.4325357,37.7578319
The Moon Is in Aquarius,2024,Deskpop Entertainment,TMIIAquarius Movie LLC,-122.4044008,37.7991483
Freebie and the Bean,1974,American Broadcasting Company (ABC),Warner Bros. Pictures,-122.4067083,37.7978824
Outerlands,2025,Wolfe Video,"Vajra Films, LLC",-122.5088513,37.7714515
GirlBoss,2017,Netflix,"Hippolyta Productions, LLC",-122.4035525,37.802115
Etruscan Smile,2017,TBD,"Po Valley Productions, LLC",-122.399262,37.7930831
Birth of the Dragon,2016,Kylin Pictures,"BOTD U.S. Productions, Inc.",-122.4059509,37.7924672
Greed,1924,Metro-Goldwyn-Mayer (MGM),Metro-Goldwyn-Mayer (MGM),-122.4262877,37.7764735
Jade,1995,Paramount Pictures,Paramount Pictures,-122.4102464,37.8007752
Looking Season 2 ep 204,2015,HBO,"Mission Street Productions, LLC",-122.4266135,37.7608223
When We Rise,2017,Amercian Broadcasting Company,Film 49 Productions,-122.3648992,37.8102258
Chance - Season 1 ep105,2016,HULU,TVM Productions,-122.4135414,37.7812278
A Taiwanese Tale of Two Cities,2018,Netflix,Envision Productions Inc.,-122.4068458,37.7942041
Maintenance Required,2025,Amazon MGM Studios,ROUKYA FILMS,-122.3966274,37.7987749
Sudden Impact,1983,Warner Bros. Pictures,Warner Bros. Pictures,-122.4100923,37.7923883
The Last Black Man in San Francisco,2019,A24,"LBMISF, LLC",-122.4029353,37.7945463
Etruscan Smile,2017,TBD,"Po Valley Productions, LLC",-122.3992069,37.7854381
When We Rise,2017,Amercian Broadcasting Company,Film 49 Productions,-122.4192417,37.779275
Godzilla,2014,Warner Bros. Pictures,"Nautilus Productions, LLC",-122.4078275,37.7359369
Edtv,1999,MCA / Universal Pictures,Imagine Entertainment,-122.4491285,37.8026694
Americana,2015,,Sutro Films LLC,-122.4016184,37.789466
The OA Part II,2019,Netflix,Lunar Mining LLC,-122.4203163,37.7784816
Just One Night,2000,First Look International,Panoptic Pictures,-122.3936136,37.7954425
Super Pumped: The Battle for Uber,2022,Showtime,Possible Productions,-122.4192417,37.779275
Final Analysis,1992,Warner Bros. Pictures,Warner Bros. Pictures,-122.4087206,37.7877854
Contagion,2011,Warner Bros. Pictures,The Keres Corporation,-122.4007642,37.7929969
Always Be My Maybe,2019,Netflix,"Isla Productions, LLC",-122.4104443,37.7923897
Cardinal X,2015,,Fire Horse Film Productions LLC,-122.4066046,37.7675411
The Woman In Red,1984,MGM Home Entertainment,Orion Pictures Corp.,-122.4327231,37.7760676
The Game,1997,Polygram Filmed Entertainment,Polygram Filmed Entertainment,-122.402205,37.7927819
Sweet November,2001,Warner Bros. Pictures,Warner Bros. Pictures,-122.3968391,37.7627149
"Budding Prospects, Pilot",2017,Amazon,Picrow Streaming Inc.,-122.4132118,37.7527686
Innerspace,1987,Warner Bros. Pictures,Amblin Entertainment,-122.4785598,37.8199109
Joy Luck Club,1993,National Broadcasting Company (NBC),Hollywood Pictures,-122.4199151,37.7532586
Sense8 - Season 2,2016,Netflix,"Unpronounceable Productions, LLC",-122.4006294,37.7977749
Terminator - Genisys,2015,Paramount Pictures,T5 Productions LLC,-122.409079,37.7832138
Mission (aka City of Bars),2001,NA,NA,-122.4266135,37.7608223
"Murder in the First, Season 2",2015,Turner Network Television (TNT),Turner North Center Productions,-122.3699786,37.825284
Jade,1995,Paramount Pictures,Paramount Pictures,-122.4704359,37.7700913
"Looking ""Special""",2016,HBO,"Mission Street Productions, LLC",-122.4099831,37.7728134
Pushing Dead,2016,TBD,"Pushing Dead , LLC",-122.4403648,37.7163236
Chance- Season 1 ep103,2016,HULU,TVM Productions,-122.442352,37.787638
Venom,2018,"Columbia Pictures, Sony Pictures Releasing","L.O.Z. Productions, Inc.",-122.4202587,37.7873893
Godzilla,2014,Warner Bros. Pictures,"Nautilus Productions, LLC",-122.4040705,37.7907733
Steve Jobs,2015,Universal Pictures,RDF Productions LLC,-122.420623,37.7776121
The Dead Pool,1988,Warner Bros. Pictures,Warner Bros. Pictures,-122.4126979,37.801725
Looking Season 2 ep 209,2015,HBO,"Mission Street Productions, LLC",-122.4232829,37.7722677
Nash Bridges,2021,USA Nework,"Village NB Productions, LLC",-122.4281232,37.7933145
Nine Months,1995,Twentieth Century Fox Film Corp.,1492 Pictures,-122.3958433,37.7856757
Looking Season 2 ep 206,2015,HBO,"Mission Street Productions, LLC",-122.4238729,37.7922528
Contagion,2011,Warner Bros. Pictures,The Keres Corporation,-122.4011772,37.7604903
Summertime,2015,12 Distribution,"Creative Monster Productions, Inc.",-122.4199806,37.7583974
The Phone/Jexi,2019,Lionsgate,CBS Films Inc.,-122.4257032,37.7613966
A View to a Kill,1985,MGM/UA Entertainment Company,Metro-Goldwyn Mayer,-122.3902572,37.7768525
Heart and Souls,1993,Electric Parc,Universal Pictures,-122.4205316,37.7795597
Chu Chu and the Philly Flash,1981,Columbia Broadcasting System (CBS),Melvin Simon Productions,-122.399849,37.7572605
Doctor Dolittle,1998,Twentieth Century Fox Film Cooperation,Twentieth Century Fox Film Cooperation,-122.4340934,37.7971178
Maxie,1985,Orion Pictures Corporation,Elsboy Entertainment,-122.4161985,37.7801637
Terminator - Genisys,2015,Paramount Pictures,T5 Productions LLC,-122.3981194,37.7920406
Super Pumped: The Battle for Uber,2021,Showtime,"Possible Productions, Inc.",-122.3996934,37.7859444
Women is Losers,2020,,Look at the Moon Pictures,-122.4266135,37.7608223
Pal Joey,1957,Columbia Pictures,Columbia Pictures Corporation,-122.4078009,37.7819145
The Internship,2013,Twentieth Century Fox Film Corporation,Twentieth Century Fox Film Corporation,-122.4044922,37.8010458
Contagion,2011,Warner Bros. Pictures,The Keres Corporation,-122.4084156,37.7763312
Dope Queens,2025,TBD,TomorrowLand Productions Co Inc.,-122.4202587,37.7873893
"Smile Again, Jenny Lee",2015,,Carlo Caldana/Marguery Films,-122.452453,37.7708245
Dreams,2025,The Match Factory GmbH,Suenos Productions LLC,-122.463509,37.7828155
Sudden Impact,1983,Warner Bros. Pictures,Warner Bros. Pictures,-122.4041754,37.7761709
Shang-Chi and the Legend of the Ten Rings,2021,Disney/Marvel,Freelance Restorations LLC,-122.4170528,37.7882309
Looking Season 2 ep 205,2015,HBO,"Mission Street Productions, LLC",-122.40645,37.75264
Hulk,2003,Universal Pictures,Universal Pictures,-122.3699786,37.825284
Getting Even with Dad,1994,Metro-Goldwyn-Mayer (MGM),Metro-Goldwyn-Mayer (MGM),-122.4205316,37.7795597
Bullitt,1968,Warner Brothers,Warner Brothers / Seven Arts Seven Arts,-122.4108571,37.7829286
A View to a Kill,1985,MGM/UA Entertainment Company,Metro-Goldwyn Mayer,-122.4785598,37.8199109
A Man on The Inside,2024,Netflix,"NBCUniversal Media, LLC",-122.3888455,37.7898628
DEVS,2020,FX Network,Minim Productions,-122.408083,37.793978
The Phone/Jexi,2019,Lionsgate,CBS Films Inc.,-122.3983588,37.7761132
Fearless,1993,Warner Bros. Pictures,Spring Creek Productions,-122.4037515,37.7924396
Outerlands,2025,Wolfe Video,"Vajra Films, LLC",-122.492845,37.7757683
Sonic the Hedgehog,2020,Paramount Pictures,"Paramount Overseas Productions, Inc.",-122.4091885,37.7920525
Americana,2015,,Sutro Films LLC,-122.4191194,37.7564917
Chance Season 2,2017,Hulu,TVM Productions Inc.,-122.4129823,37.791198
The Phone/Jexi,2019,Lionsgate,CBS Films Inc.,-122.3946385,37.7647323
The Enforcer,1976,Warner Bros. Pictures,Warner Bros. Pictures,-122.4086024,37.7530557
The Dead Pool,1988,Warner Bros. Pictures,Warner Bros. Pictures,-122.4371531,37.7885018
Foul Play,1978,Paramount Pictures,Paramount Pictures,-122.4192417,37.779275
Chance- Season 1 ep104,2016,HULU,TVM Productions,-122.3892934,37.7614764
Woman on the Run,1950,Universal Pictures,Fidelity Pictures Corporation,-122.40934,37.791952
Shit and Champagne,2020,,"Shaboom Boom, LLC",-122.4144298,37.7721792
Dirty Harry,1971,Warner Brothers,The Malpaso Company,-122.439016,37.8066961
Under the Tuscan Sun,2003,Buena Vista Pictures,Touchstone Pictures,-122.4274729,37.7683588
Women is Losers,2020,,Look at the Moon Pictures,-122.4092406,37.750889
Dawn of the Planet of the Apes,2014,Twentieth Century Fox,"Fox Louisiana Productions, LLC",-122.4181778,37.7588667
Invasion of the Body Snatchers,1978,United Artists,Solofilm,-122.4149779,37.7966511
Looking Season 2 ep 207,2015,HBO,"Mission Street Productions, LLC",-122.4291218,37.7666942
GirlBoss,2017,Netflix,"Hippolyta Productions, LLC",-122.4061681,37.7951101
Looking Season 2 ep 205,2015,HBO,"Mission Street Productions, LLC",-122.4133892,37.7582
"Smile Again, Jenny Lee",2015,,Carlo Caldana/Marguery Films,-122.4160276,37.806191
This Is Us,2022,NBC,20th Television,-122.409821,37.808673
Pacific Heights,1990,Twentieth Century Fox Film Corporation,Morgan Creek Productions,-122.3964729,37.7936658
"Murder in the First, Season 2",2015,Turner Network Television (TNT),Turner North Center Productions,-122.396016,37.7961171
Invasion of the Body Snatchers,1978,United Artists,Solofilm,-122.3866097,37.760628
Super Pumped: The Battle for Uber,2022,Showtime,Possible Productions,-122.4011664,37.7930658
Looking,2014,Home Box Office (HBO),"Mission Street Productions, LLC",-122.4114878,37.7740686
Jade,1995,Paramount Pictures,Paramount Pictures,-122.401987,37.7888172
Chance Season 2,2017,Hulu,TVM Productions Inc.,-122.4114304,37.7925507
Godzilla,2014,Warner Bros. Pictures,"Nautilus Productions, LLC",-122.413373,37.7876733
Dream with the Fishes,1997,Sony Pictures Classics,3 Ring Circus Films,-122.3648992,37.8102258
Birdman of Alcatraz,1962,United Artists,Norma Productions,-122.4230122,37.8266636
A Smile Like Yours,1997,Paramount Pictures,Paramount Pictures,-122.389862,37.789873
Bullitt,1968,Warner Brothers,Warner Brothers / Seven Arts Seven Arts,-122.3815252,37.7127107
Quitters,2015,,"Frederick & Ashbury, LLC.",-122.436236,37.7558421
"Murder in the First, Season 3",2016,Turner Network Television (TNT),Turner North Center Productions,-122.4227533,37.7775156
Patch Adams,1998,Universal Pictures,Bungalow 78 Productions,-122.4810057,37.7923841
Chance Season 2,2017,Hulu,TVM Productions Inc.,-122.4174339,37.7994215
Sense8,2015,Netflix,"Unpronounceable Productions, LLC",-122.4663309,37.7640567
Sense8,2015,Netflix,"Unpronounceable Productions, LLC",-122.4266135,37.7608223
The Rock,1996,Buena Vista Pictures,Hollywood Pictures,-122.4058222,37.8023949
The Matrix Resurrections,2021,Warner Brothers,"Adobe Pictures, Inc.",-122.4036498,37.7951751
Dreams,2025,The Match Factory GmbH,Suenos Productions LLC,-122.4219541,37.7787551
The Phone/Jexi,2019,Lionsgate,CBS Films Inc.,-122.4295847,37.7643274
The Presidio,1988,Paramount Pictures,Paramount Pictures,-122.4008024,37.7920216
The Conversation,1974,Paramount Pictures,American Zoetrope,-122.4227467,37.7860406
San Andreas,2015,Warner Bros.,"Upside Down Productions, Inc.",-122.4128515,37.7934379
San Andreas,2015,Warner Bros.,"Upside Down Productions, Inc.",-122.405979,37.7904182
American Graffiti,1973,Universal Pictures',Universal Pictures,-122.4044376,37.7840396
Etruscan Smile,2017,TBD,"Po Valley Productions, LLC",-122.4548745,37.7475379
"Budding Prospects, Pilot",2017,Amazon,Picrow Streaming Inc.,-122.4108224,37.7532795
The Phone/Jexi,2019,Lionsgate,CBS Films Inc.,-122.4746065,37.8029706
Chance - Season 1 Pilot,2016,HULU,TVM Productions,-122.4137147,37.7795744
Invasion of the Body Snatchers,1978,United Artists,Solofilm,-122.4184673,37.7782978
Dreams,2025,The Match Factory GmbH,Suenos Productions LLC,-122.4026783,37.8013545
Blue Jasmine,2013,Sony Pictures Classics,Perdido Productions,-122.4174864,37.7734127
Goliath- Season 4,2021,Amazon Studios,"Picrow, Inc.",-122.4062305,37.7938343
Looking Season 2 ep 203,2015,HBO,"Mission Street Productions, LLC",-122.431029,37.7721618
I’m A Virgo,2023,Prime Video,Bing Bang Productions Inc,-122.4052341,37.7948896
The Maltese Falcon,1941,Warner Bros. Pictures,Warner Bros. Pictures,-122.3936136,37.7954425
Sense8 - Season 2,2016,Netflix,"Unpronounceable Productions, LLC",-122.4021715,37.792255
The Matrix Resurrections,2021,Warner Brothers,"Adobe Pictures, Inc.",-122.394184,37.7951058
Edtv,1999,MCA / Universal Pictures,Imagine Entertainment,-122.409141,37.8010729
Clickbait,2021,Netflix,"MasterKey Studios, Inc.",-122.3956409,37.7993521
Woman on the Run,1950,Universal Pictures,Fidelity Pictures Corporation,-122.4042071,37.7951279
Herbie Rides Again,1974,Buena Vista Distribution,Walt Disney Productions,-122.401987,37.7888172
Venom,2018,"Columbia Pictures, Sony Pictures Releasing","L.O.Z. Productions, Inc.",-122.4121403,37.7922657
"Murder in the First, Season 1",2014,Turner Network Television (TNT),Turner North Center Productions,-122.4064942,37.79377
GirlBoss,2017,Netflix,"Hippolyta Productions, LLC",-122.4419283,37.7953281
Sister Act 2: Back in the Habit,1993,Buena Vista Pictures,Touchstone Pictures,-122.4101808,37.8016649
Guess Who's Coming to Dinner,1967,Columbia Pictures,Columbia Pictures Corporation,-122.4427392,37.7926761
Family Plot,1976,Universal Pictures,Universal Pictures,-122.4100923,37.7923883
San Andreas,2015,Warner Bros.,"Upside Down Productions, Inc.",-122.4125131,37.8086037
The Phone/Jexi,2019,Lionsgate,CBS Films Inc.,-122.4349331,37.7788628
The Moon Is in Aquarius,2024,Deskpop Entertainment,TMIIAquarius Movie LLC,-122.3936136,37.7954425
The Right Stuff,1983,The Ladd Company,The Ladd Company,-122.4192417,37.779275
Nash Bridges,2021,USA Nework,"Village NB Productions, LLC",-122.396646,37.7903624
The Phone/Jexi,2019,Lionsgate,CBS Films Inc.,-122.398284,37.7792337
The Game,1997,Polygram Filmed Entertainment,Polygram Filmed Entertainment,-122.4070392,37.7918754
D.O.A,1950,United Artists,Cardinal Pictures,-122.4087206,37.7877854
Big Eyes,2014,Weinstein Company,Blink & Wink Productions,-122.4074482,37.8009836
A Taiwanese Tale of Two Cities,2018,Netflix,Envision Productions Inc.,-122.4057677,37.7953337
Chance- Season 1 ep103,2016,HULU,TVM Productions,-122.4591718,37.7480485
180,2011,,SPI Cinemas,-122.4225306,37.7989333
The Fan,1996,Columbia TriStar,Mandalay Entertainment,-122.3857003,37.7135483
Venom,2018,"Columbia Pictures, Sony Pictures Releasing","L.O.Z. Productions, Inc.",-122.4040755,37.7991868
Always Be My Maybe,2019,Netflix,"Isla Productions, LLC",-122.3956409,37.7993521
Venom,2018,"Columbia Pictures, Sony Pictures Releasing","L.O.Z. Productions, Inc.",-122.4179399,37.7870203
Looking,2014,Home Box Office (HBO),"Mission Street Productions, LLC",-122.408708,37.7741577
Godzilla,2014,Warner Bros. Pictures,"Nautilus Productions, LLC",-122.4109867,37.78416
The Woman In Red,1984,MGM Home Entertainment,Orion Pictures Corp.,-122.4106579,37.7931077
Vertigo,1958,Paramount Pictures,Alfred J. Hitchcock Productions,-122.4400575,37.7675163
Terminator - Genisys,2015,Paramount Pictures,T5 Productions LLC,-122.40069,37.7843234
Freebie and the Bean,1974,American Broadcasting Company (ABC),Warner Bros. Pictures,-122.4174229,37.7910067
The Last Black Man in San Francisco,2019,A24,"LBMISF, LLC",-122.4252817,37.78549
Basic Instinct,1992,TriStar Pictures,Carolco Pictures,-122.402037,37.7903133
Dope Queens,2025,TBD,TomorrowLand Productions Co Inc.,-122.419583,37.786655
Swing,2003,Crazy Dreams Entertainment,unlisted,-122.404479,37.7979773
The Last Black Man in San Francisco,2019,A24,"LBMISF, LLC",-122.4591718,37.7480485
Alive,2020,CBS,CBS Corporation - CBS Studios Inc./CBS Television Studios,-122.3970161,37.7593837
180,2011,,SPI Cinemas,-122.3998704,37.7899845
Godzilla,2014,Warner Bros. Pictures,"Nautilus Productions, LLC",-122.3974427,37.7925691
"Looking ""Special""",2016,HBO,"Mission Street Productions, LLC",-122.435469,37.7625245
A Taiwanese Tale of Two Cities,2018,Netflix,Envision Productions Inc.,-122.44975,37.7694368
"Budding Prospects, Pilot",2017,Amazon,Picrow Streaming Inc.,-122.4259924,37.7917772
"Smile Again, Jenny Lee",2015,,Carlo Caldana/Marguery Films,-122.4472667,37.7111667
The Last Black Man in San Francisco,2019,A24,"LBMISF, LLC",-122.3906899,37.7354829
Nash Bridges,2021,USA Nework,"Village NB Productions, LLC",-122.4174783,37.80968
Chance- Season 1 ep104,2016,HULU,TVM Productions,-122.4632436,37.7353289
Chance - Season 1 Pilot,2016,HULU,TVM Productions,-122.4151417,37.788739
DEVS,2020,FX Network,Minim Productions,-122.420591,37.762998
Interview With The Vampire,1994,Geffen Pictures,Geffen Pictures,-122.4785598,37.8199109
Bitter Melon,2018,"ABS-CBN, Gravitas Ventures",Bitter Melon Film LLC/Mammoth Pictures,-122.4228372,37.7627015
Outerlands,2025,Wolfe Video,"Vajra Films, LLC",-122.4037778,37.7905417
Twisted,2004,Paramount Pictures,Paramount Pictures,-122.3874201,37.7872065
The Lineup,1958,Columbia Pictures,Pajemer Productions,-122.51365,37.7804444
The Times of Harvey Milk,1984,TC Films International,UCLA Film and Television Archive,-122.435033,37.7608937
High Crimes,2002,Twentieth Century Fox Film Corporation,Twentieth Century Fox Film Corporation,-122.4066183,37.787552
The Dead Pool,1988,Warner Bros. Pictures,Warner Bros. Pictures,-122.4632309,37.8007597
Magnum Force,1973,Warner Bros. Pictures,The Malpaso Company,-122.4161079,37.7620451
Jade,1995,Paramount Pictures,Paramount Pictures,-122.4041754,37.7761709
Women is Losers,2020,,Look at the Moon Pictures,-122.4463975,37.7272728
Looking,2014,Home Box Office (HBO),"Mission Street Productions, LLC",-122.4114878,37.7834457
Invasion of the Body Snatchers,1978,United Artists,Solofilm,-122.4192417,37.779275
Heart and Souls,1993,Electric Parc,Universal Pictures,-122.4076596,37.7927749
The Dead Pool,1988,Warner Bros. Pictures,Warner Bros. Pictures,-122.4061477,37.7950056
San Andreas,2015,Warner Bros.,"Upside Down Productions, Inc.",-122.4234921,37.8043658
Twisted,2004,Paramount Pictures,Paramount Pictures,-122.4074216,37.7992973
Blue Jasmine,2013,Sony Pictures Classics,Perdido Productions,-122.4150331,37.7958904
The House on Telegraph Hill,1951,Twentieth Century Fox Film Corp.,Twentieth Century Fox Film Corp.,-122.4058222,37.8023949
The Pursuit of Happyness,2006,Columbia Pictures,Columbia Pictures Corporation,-122.3857003,37.7135483
Invasion of the Body Snatchers,1978,United Artists,Solofilm,-122.4275889,37.79165
Chance - Season 1 Pilot,2016,HULU,TVM Productions,-122.4256783,37.78185
Chu Chu and the Philly Flash,1981,Columbia Broadcasting System (CBS),Melvin Simon Productions,-122.39658,37.79021
The OA Part II,2019,Netflix,Lunar Mining LLC,-122.389279,37.772625
Broken-A Modern Love Story,2010,,RKW Films,-122.4001104,37.7937037
The Last Black Man in San Francisco,2019,A24,"LBMISF, LLC",-122.376241,37.7321694
Goliath- Season 4,2021,Amazon Studios,"Picrow, Inc.",-122.4082856,37.7958399
The Wedding Planner,2001,Sony Pictures Entertainment,Columbia Pictures,-122.4683478,37.7687768
Dreams,2025,The Match Factory GmbH,Suenos Productions LLC,-122.421985,37.789714
Venom,2018,"Columbia Pictures, Sony Pictures Releasing","L.O.Z. Productions, Inc.",-122.4069884,37.7900488
Etruscan Smile,2017,TBD,"Po Valley Productions, LLC",-122.4046939,37.7854871
Chance- Season 1 ep110,2016,HULU,TVM Productions,-122.4631201,37.7247067
The Phone/Jexi,2019,Lionsgate,CBS Films Inc.,-122.4537662,37.7682526
Etruscan Smile,2017,TBD,"Po Valley Productions, LLC",-122.4045546,37.8004678
Magnum Force,1973,Warner Bros. Pictures,The Malpaso Company,-122.4785598,37.8199109
Terminator - Genisys,2015,Paramount Pictures,T5 Productions LLC,-122.4062452,37.8073134
Sense8 - Season 2,2016,Netflix,"Unpronounceable Productions, LLC",-122.3756118,37.7314866
The Princess Diaries,2001,Buena Vista Pictures,Walt Disney Pictures,-122.4125282,37.8085771
Sense8 - Season 2,2016,Netflix,"Unpronounceable Productions, LLC",-122.436447,37.7773209
The Phone/Jexi,2019,Lionsgate,CBS Films Inc.,-122.3965071,37.7805207
Crackers,1984,Universal Pictures,Universal Pictures,-122.4184682,37.7522505
Sudden Impact,1983,Warner Bros. Pictures,Warner Bros. Pictures,-122.3924358,37.7949305
Surface,2022,Apple TV+,"Apple Studios, LLC",-122.4052753,37.7856544
Copycat,1995,Warner Bros. Pictures,Regency Enterprises,-122.4377047,37.791209
Bullitt,1968,Warner Brothers,Warner Brothers / Seven Arts Seven Arts,-122.4061161,37.747013
The House on Telegraph Hill,1951,Twentieth Century Fox Film Corp.,Twentieth Century Fox Film Corp.,-122.4212203,37.7735081
Bullitt,1968,Warner Brothers,Warner Brothers / Seven Arts Seven Arts,-122.405629,37.7555919
Copycat,1995,Warner Bros. Pictures,Regency Enterprises,-122.4398822,37.805457
Dreams,2025,The Match Factory GmbH,Suenos Productions LLC,-122.4605497,37.7833917
Dopamine,2003,Sundance Channel Home Entertainment,Kontent Films,-122.47709,37.8106117
Americana,2015,,Sutro Films LLC,-122.3699786,37.825284
Sudden Impact,1983,Warner Bros. Pictures,Warner Bros. Pictures,-122.3923165,37.7788012
The Parent Trap,1998,Buena Vista Pictures,Walt Disney Pictures,-122.371174,37.8173771
Maintenance Required,2025,Amazon MGM Studios,ROUKYA FILMS,-122.4137599,37.7895418
GirlBoss,2017,Netflix,"Hippolyta Productions, LLC",-122.4191684,37.8000576
The Phone/Jexi,2019,Lionsgate,CBS Films Inc.,-122.4040755,37.7991868
Always Be My Maybe,2019,Netflix,"Isla Productions, LLC",-122.4159684,37.8093037
Sweet November,2001,Warner Bros. Pictures,Warner Bros. Pictures,-122.420682,37.785098
Dr. Dolittle 2,2001,Twentieth Century Fox Film Corp.,Twentieth Century Fox Film Corp.,-122.4650165,37.8040257
Mrs. Doubtfire,1993,Twentieth Century Fox Film Corporation,Twentieth Century Fox Film Corporation,-122.4650165,37.8040257
Outerlands,2025,Wolfe Video,"Vajra Films, LLC",-122.4972195,37.7785494
Ant-Man and the Wasp,2018,Walt Disney Studios Motion Pictures,"PYM Particles Productions II, LLC",-122.4113976,37.7871218
Chance - Season 1 Pilot,2016,HULU,TVM Productions,-122.4128098,37.7848842
So I Married an Axe Murderer,1993,TriStar Pictures,TriStar Pictures,-122.4462612,37.7904089
Jade,1995,Paramount Pictures,Paramount Pictures,-122.4100923,37.7923883
Red Widow,2013,American Broadcasting Company (ABC),Beyond Pix,-122.41225,37.7820845
Tales of the City,2019,Netflix,Universal Television LLC,-122.415794,37.7837572
The Bachelor,1999,New Line Cinema,George Street Pictures,-122.4095835,37.8015323
Contagion,2011,Warner Bros. Pictures,The Keres Corporation,-122.4068179,37.7821542
Looking,2014,Home Box Office (HBO),"Mission Street Productions, LLC",-122.4343502,37.7629801
Quitters,2015,,"Frederick & Ashbury, LLC.",-122.4547685,37.7717766
Birth of the Dragon,2016,Kylin Pictures,"BOTD U.S. Productions, Inc.",-122.4174339,37.7994215
The Last Black Man in San Francisco,2019,A24,"LBMISF, LLC",-122.4431784,37.7703713
Venom: Let There Be Carnage,2021,Sony Pictures,SM Film Productions,-122.4142543,37.7855844
Basic Instinct,1992,TriStar Pictures,Carolco Pictures,-122.4043576,37.7960306
Dim Sum: A Little Bit of Heart,1985,Orion Classics,CIM,-122.3816274,37.6191145
Hemingway & Gelhorn,2011,Home Box Office (HBO),"Attaboy Films, For Whom Productions, Home Box Office (HBO)",-122.3827431,37.7500802
The OA Part II,2019,Netflix,Lunar Mining LLC,-122.4149779,37.7966511
Ant-Man and the Wasp,2018,Walt Disney Studios Motion Pictures,"PYM Particles Productions II, LLC",-122.4104615,37.7899602
Americana,2015,,Sutro Films LLC,-122.4034106,37.7980524
Looking Season 2 ep 204,2015,HBO,"Mission Street Productions, LLC",-122.4213183,37.7648449
"Murder in the First, Season 1",2014,Turner Network Television (TNT),Turner North Center Productions,-122.4078311,37.7984875
Freebie and the Bean,1974,American Broadcasting Company (ABC),Warner Bros. Pictures,-122.3991929,37.795315
The OA Part II,2019,Netflix,Lunar Mining LLC,-122.4100923,37.7923883
Midnight Lace,1960,Universal Pictures,Arwin Productions,-122.4100923,37.7923883
Experiment in Terror,1962,Columbia Pictures,Columbia Pictures Corporation,-122.4058659,37.7976067
San Andreas,2015,Warner Bros.,"Upside Down Productions, Inc.",-122.4194215,37.8018748
Surface,2022,Apple TV+,"Apple Studios, LLC",-122.4152298,37.8052723
Chance Season 2,2017,Hulu,TVM Productions Inc.,-122.4136962,37.7809377
Pushing Dead,2016,TBD,"Pushing Dead , LLC",-122.4326214,37.768427
The Birds,1963,Universal Pictures,Universal Pictures,-122.4082534,37.7873806
Looking Season 2 ep 210,2015,HBO,"Mission Street Productions, LLC",-122.4192417,37.779275
Bullitt,1968,Warner Brothers,Warner Brothers / Seven Arts Seven Arts,-122.4218114,37.8035669
Ballers Season 3,2017,HBO,"Chori Perros Productions, LLC",-122.3958433,37.7943114
Surface,2022,Apple TV+,"Apple Studios, LLC",-122.4191684,37.8000576
Foul Play,1978,Paramount Pictures,Paramount Pictures,-122.4264699,37.7767054
Red Diaper Baby,2004,Sundance Channel,Hello Hooker Productions,-122.4307656,37.807047
Star Trek IV: The Voyage Home,1986,Paramount Pictures,Paramount Pictures,-122.442713,37.8066603
Always Be My Maybe,2019,Netflix,"Isla Productions, LLC",-122.4461111,37.77
Chance- Season 1 ep109,2016,HULU,TVM Productions,-122.3864526,37.770429
A View to a Kill,1985,MGM/UA Entertainment Company,Metro-Goldwyn Mayer,-122.4224785,37.7905118
Sonic the Hedgehog,2020,Paramount Pictures,"Paramount Overseas Productions, Inc.",-122.4022806,37.7951667
The Matrix Resurrections,2021,Warner Brothers,"Adobe Pictures, Inc.",-122.3986313,37.7936408
Basic Instinct,1992,TriStar Pictures,Carolco Pictures,-122.406019,37.7975646
Always Be My Maybe,2019,Netflix,"Isla Productions, LLC",-122.403672,37.7860026
Nash Bridges,2021,USA Nework,"Village NB Productions, LLC",-122.4078108,37.7819282
The Towering Inferno,1974,Twentieth Century - Fox,Irwin Allen Productions,-122.4448975,37.7942406
Looking Season 2 ep 209,2015,HBO,"Mission Street Productions, LLC",-122.4027026,37.7700543
Vertigo,1958,Paramount Pictures,Alfred J. Hitchcock Productions,-122.3866097,37.760628
Star Trek IV: The Voyage Home,1986,Paramount Pictures,Paramount Pictures,-122.482977,37.7689203
Shit and Champagne,2020,,"Shaboom Boom, LLC",-122.4247253,37.7854297
Alcatraz,2012,Warner Bros. Television,Bonanza Productions Inc.,-122.4144669,37.8008452
The Ten Commandments,1956,Paramount Pictures,Paramount Pictures,-122.4101808,37.8016649
Steve Jobs,2015,Universal Pictures,RDF Productions LLC,-122.4356728,37.7560549
Chance- Season 1 ep104,2016,HULU,TVM Productions,-122.4484231,37.8029308
Alcatraz,2012,Warner Bros. Television,Bonanza Productions Inc.,-122.4117504,37.8009455
Nash Bridges,2021,USA Nework,"Village NB Productions, LLC",-122.4178564,37.8109433
D.O.A,1950,United Artists,Cardinal Pictures,-122.3936136,37.7954425
D.O.A,1950,United Artists,Cardinal Pictures,-122.4080903,37.784
Tucker: The Man and His Dream,1988,Paramount Pictures,Lucasfilm,-122.4192417,37.779275
Shit and Champagne,2020,,"Shaboom Boom, LLC",-122.4328658,37.7756401
The Bachelor,1999,New Line Cinema,George Street Pictures,-122.4661345,37.7695812
Chance- Season 1 ep109,2016,HULU,TVM Productions,-122.4044379,37.7977448
Looking Season 2 ep 202,2015,HBO,"Mission Street Productions, LLC",-122.4014061,37.7665652
DEVS,2020,FX Network,Minim Productions,-122.4058222,37.8023949
Basic Instinct,1992,TriStar Pictures,Carolco Pictures,-122.4021904,37.7856437
Big Eyes,2014,Weinstein Company,Blink & Wink Productions,-122.4073139,37.7986417
Contagion,2011,Warner Bros. Pictures,The Keres Corporation,-122.4171287,37.7816962
Star Trek IV: The Voyage Home,1986,Paramount Pictures,Paramount Pictures,-122.4065524,37.7762053
The Pursuit of Happyness,2006,Columbia Pictures,Columbia Pictures Corporation,-122.4113998,37.7852058
Patch Adams,1998,Universal Pictures,Bungalow 78 Productions,-122.3699786,37.825284
Mrs. Doubtfire,1993,Twentieth Century Fox Film Corporation,Twentieth Century Fox Film Corporation,-122.4078056,37.7998378
The Matrix Resurrections,2021,Warner Brothers,"Adobe Pictures, Inc.",-122.4059509,37.7924672
The Diary of a Teenage Girl,2015,Sony Pictures Classics,"Diary the Movie, LLC",-122.4236819,37.8053049
"Budding Prospects, Pilot",2017,Amazon,Picrow Streaming Inc.,-122.3765797,37.7330388
The Other Sister,1999,Buena Vista Pictures,Mandeville Films,-122.39658,37.79021
Looking,2014,Home Box Office (HBO),"Mission Street Productions, LLC",-122.4121805,37.7585777
The Matrix Resurrections,2021,Warner Brothers,"Adobe Pictures, Inc.",-122.3989854,37.7918198
"Murder in the First, Season 3",2016,Turner Network Television (TNT),Turner North Center Productions,-122.4250694,37.7777521
San Andreas,2015,Warner Bros.,"Upside Down Productions, Inc.",-122.4100057,37.79856
Outerlands,2025,Wolfe Video,"Vajra Films, LLC",-122.4526588,37.7682002
"Smile Again, Jenny Lee",2015,,Carlo Caldana/Marguery Films,-122.3987433,37.7818569
Outerlands,2025,Wolfe Video,"Vajra Films, LLC",-122.4434985,37.76369
Ant-Man and the Wasp,2018,Walt Disney Studios Motion Pictures,"PYM Particles Productions II, LLC",-122.428457,37.786647
Dark Passage,1947,Warner Bros. Pictures,Warner Bros. Pictures,-122.4043707,37.8018125
The Bachelor,1999,New Line Cinema,George Street Pictures,-122.4101808,37.8016649
A Night Full of Rain,1978,Warner Bros. Pictures,Liberty Film,-122.4065207,37.7822008
Magnum Force,1973,Warner Bros. Pictures,The Malpaso Company,-122.4294937,37.7906712
Sister Act 2: Back in the Habit,1993,Buena Vista Pictures,Touchstone Pictures,-122.4510797,37.72569
DEVS,2020,FX Network,Minim Productions,-122.435038,37.7608968
Super Pumped: The Battle for Uber,2021,Showtime,"Possible Productions, Inc.",-122.4188767,37.7603749
Boys and Girls,2000,Dimension Films,Punch 21 Productions,-122.4785598,37.8199109
Edtv,1999,MCA / Universal Pictures,Imagine Entertainment,-122.3995745,37.8006414
"Murder in the First, Season 2",2015,Turner Network Television (TNT),Turner North Center Productions,-122.38489,37.773931
The Phone/Jexi,2019,Lionsgate,CBS Films Inc.,-122.4135852,37.7970672
San Andreas,2015,Warner Bros.,"Upside Down Productions, Inc.",-122.4102464,37.8007752
Women is Losers,2020,,Look at the Moon Pictures,-122.4469865,37.7212116
Dawn of the Planet of the Apes,2014,Twentieth Century Fox,"Fox Louisiana Productions, LLC",-122.4175714,37.7909544
Hereafter,2010,Warner Bros. Pictures,GT Films,-122.4457286,37.7985232
Surface,2022,Apple TV+,"Apple Studios, LLC",-122.4037361,37.8030301
180,2011,,SPI Cinemas,-122.3894682,37.7908723
Pacific Heights,1990,Twentieth Century Fox Film Corporation,Morgan Creek Productions,-122.4048082,37.7944675
Shang-Chi and the Legend of the Ten Rings,2021,Disney/Marvel,Freelance Restorations LLC,-122.4674618,37.7821272
Super Pumped: The Battle for Uber,2022,Showtime,Possible Productions,-122.4004457,37.7854527
Ant-Man,2015,Walt Disney Studios Motion Pictures,"PYM Particles Productions, LLC",-122.4096207,37.7897897
So I Married an Axe Murderer,1993,TriStar Pictures,TriStar Pictures,-122.4074836,37.8005466
Pushing Dead,2016,TBD,"Pushing Dead , LLC",-122.482977,37.7689203
The Phone/Jexi,2019,Lionsgate,CBS Films Inc.,-122.3958291,37.7652002
Women is Losers,2020,,Look at the Moon Pictures,-122.39484,37.77667
Shang-Chi and the Legend of the Ten Rings,2021,Disney/Marvel,Freelance Restorations LLC,-122.4141127,37.7905499
Foul Play,1978,Paramount Pictures,Paramount Pictures,-122.4026072,37.7919161
Dark Passage,1947,Warner Bros. Pictures,Warner Bros. Pictures,-122.4035525,37.802115
Looking Season 2 ep 204,2015,HBO,"Mission Street Productions, LLC",-122.4290512,37.7566113
The Graduate,1967,Embassy Pictures Corporation,Embassy Pictures Corporation,-122.5032395,37.7329094
Godzilla,2014,Warner Bros. Pictures,"Nautilus Productions, LLC",-122.3967207,37.7904745
Final Analysis,1992,Warner Bros. Pictures,Warner Bros. Pictures,-122.4054036,37.7553498
Americana,2015,,Sutro Films LLC,-122.4183155,37.7192874
Venom: Let There Be Carnage,2021,Sony Pictures,SM Film Productions,-122.4014762,37.7635774
The Phone/Jexi,2019,Lionsgate,CBS Films Inc.,-122.4004457,37.7854527
Chance- Season 1 ep108,2016,HULU,TVM Productions,-122.4121403,37.7922657
Flower Drum Song,1961,Universal Pictures,Fields Productions,-122.4048082,37.7944675
The Diary of a Teenage Girl,2015,Sony Pictures Classics,"Diary the Movie, LLC",-122.4337293,37.7344121
Godzilla,2014,Warner Bros. Pictures,"Nautilus Productions, LLC",-122.3958537,37.7911513
The Caine Mutiny,1954,Columbia Pictures,Stanley Kramer Productions,-122.4785598,37.8199109
"Looking ""Special""",2016,HBO,"Mission Street Productions, LLC",-122.4164528,37.7762952
Outerlands,2025,Wolfe Video,"Vajra Films, LLC",-122.4678243,37.7810241
Joy Luck Club,1993,National Broadcasting Company (NBC),Hollywood Pictures,-122.4548745,37.7475379
Dreams,2025,The Match Factory GmbH,Suenos Productions LLC,-122.3924374,37.7949318
Blue Jasmine,2013,Sony Pictures Classics,Perdido Productions,-122.4196461,37.8020026
Blue Jasmine,2013,Sony Pictures Classics,Perdido Productions,-122.4139505,37.7989016
Women is Losers,2020,,Look at the Moon Pictures,-122.4463537,37.7270699
By Hook or By Crook,2001,Artistic License,Steakhaus Productions,-122.4184673,37.7782978
Time After Time,1979,Columbia Broadcasting System (CBS),Orion Pictures Corp.,-122.3952007,37.7951195
Hard to Hold,1984,Universal Pictures,Universal Pictures,-122.4100923,37.7923883
Goliath- Season 4,2021,Amazon Studios,"Picrow, Inc.",-122.4108465,37.7918448
Pleasure of His Company,1961,Parmaount Pictures,Perlsea Company,-122.4420204,37.7946105
The Bachelor,1999,New Line Cinema,George Street Pictures,-122.4007055,37.788543
Chance- Season 1 ep104,2016,HULU,TVM Productions,-122.3865434,37.7655177
The Dead Pool,1988,Warner Bros. Pictures,Warner Bros. Pictures,-122.405629,37.7555919
Blue Jasmine,2013,Sony Pictures Classics,Perdido Productions,-122.4112992,37.75367
Doctor Dolittle,1998,Twentieth Century Fox Film Cooperation,Twentieth Century Fox Film Cooperation,-122.3937313,37.7961482
Looking,2014,Home Box Office (HBO),"Mission Street Productions, LLC",-122.4188764,37.7583482
Pushing Dead,2016,TBD,"Pushing Dead , LLC",-122.4248395,37.7776167
When We Rise,2017,Amercian Broadcasting Company,Film 49 Productions,-122.4227025,37.7614492
"Murder in the First, Season 1",2014,Turner Network Television (TNT),Turner North Center Productions,-122.3893598,37.790813
Blindspotting (Season 2),2023,Starz,Blindspotting Productions Inc.,-122.404479,37.7979773
The Phone/Jexi,2019,Lionsgate,CBS Films Inc.,-122.4314841,37.8068032
Vertigo,1958,Paramount Pictures,Alfred J. Hitchcock Productions,-122.4491285,37.8026694
Terminator - Genisys,2015,Paramount Pictures,T5 Productions LLC,-122.4190547,37.790802
The Wedding Planner,2001,Sony Pictures Entertainment,Columbia Pictures,-122.4192417,37.779275
Bedazzled,2000,Twentieth Century Fox Film Corp.,Twentieth Century Fox Film Corp.,-122.4192417,37.779275
Looking Season 2 ep 202,2015,HBO,"Mission Street Productions, LLC",-122.411015,37.7746
The Dead Pool,1988,Warner Bros. Pictures,Warner Bros. Pictures,-122.4058831,37.7954245
Knife Fight,2013,Eagle Films,Divisadero Pictures & Knife Fight,-122.4174211,37.7910049
DEVS,2020,FX Network,Minim Productions,-122.4453615,37.7702175
Godzilla,2014,Warner Bros. Pictures,"Nautilus Productions, LLC",-122.4079258,37.7940728
Quitters,2015,,"Frederick & Ashbury, LLC.",-122.4037415,37.7579997
A Man on The Inside,2024,Netflix,"Universal Television, LLC",-122.39293,37.78618
Looking Season 2 ep 203,2015,HBO,"Mission Street Productions, LLC",-122.43489,37.771831
Invasion of the Body Snatchers,1978,United Artists,Solofilm,-122.4327956,37.7763888
Red Widow,2013,American Broadcasting Company (ABC),Beyond Pix,-122.4019961,37.7888143
Alexander's Ragtime Band,1938,Twentieth Century Fox Film Corporation,Twentieth Century Fox Film Corporation,-122.5137962,37.7783123
Family Plot,1976,Universal Pictures,Universal Pictures,-122.4133739,37.7918593
Beautiful Boy,2018,Amazon Studios,Big Indie Pictures,-122.4453785,37.770232
"Murder in the First, Season 3",2016,Turner Network Television (TNT),Turner North Center Productions,-122.4259985,37.7759402
Boys and Girls,2000,Dimension Films,Punch 21 Productions,-122.4195579,37.8020179
Golden Gate,1994,The Samuel Goldwyn Company,American Playhouse Theatrical Films,-122.4030456,37.790657
"Murder in the First, Season 1",2014,Turner Network Television (TNT),Turner North Center Productions,-122.413422,37.7522478
The Wedding Planner,2001,Sony Pictures Entertainment,Columbia Pictures,-122.5003535,37.7856635
Venom: Let There Be Carnage,2021,Sony Pictures,SM Film Productions,-122.4066034,37.7901055
Sense8 - Season 2,2016,Netflix,"Unpronounceable Productions, LLC",-122.4065996,37.7976052
The Last Black Man in San Francisco,2019,A24,"LBMISF, LLC",-122.4278748,37.7691755
Vertigo,1958,Paramount Pictures,Alfred J. Hitchcock Productions,-122.4271581,37.7643792
Cardinal X,2015,,Fire Horse Film Productions LLC,-122.4916801,37.7599491
Shit and Champagne,2020,,"Shaboom Boom, LLC",-122.4075779,37.7831221
Always Be My Maybe,2019,Netflix,"Isla Productions, LLC",-122.4776659,37.7633907
Surface,2022,Apple TV+,"Apple Studios, LLC",-122.40973,37.79379
My Big Fat Chinese Christmas,2022,Hallmark Channel,Hongbao Productions,-122.4064031,37.7934259
I’m A Virgo,2023,Prime Video,Bing Bang Productions Inc,-122.4100057,37.79856
Etruscan Smile,2017,TBD,"Po Valley Productions, LLC",-122.4007518,37.8003382
Herbie Rides Again,1974,Buena Vista Distribution,Walt Disney Productions,-122.4175243,37.8081907
Shang-Chi and the Legend of the Ten Rings,2021,Disney/Marvel,Freelance Restorations LLC,-122.4384961,37.7535011
The Diary of a Teenage Girl,2015,Sony Pictures Classics,"Diary the Movie, LLC",-122.418059,37.7864628
Shang-Chi and the Legend of the Ten Rings,2021,Disney/Marvel,Freelance Restorations LLC,-122.4104443,37.7923897
180,2011,,SPI Cinemas,-122.3965997,37.7931058
The Conversation,1974,Paramount Pictures,American Zoetrope,-122.4377047,37.791209
The Dead Pool,1988,Warner Bros. Pictures,Warner Bros. Pictures,-122.3957134,37.7863715
Bullitt,1968,Warner Brothers,Warner Brothers / Seven Arts Seven Arts,-122.4110049,37.7190791
The Lineup,1958,Columbia Pictures,Pajemer Productions,-122.41209,37.80933
Point Blank,1967,Metro-Goldwyn Mayer,Metro-Goldwyn Mayer,-122.47709,37.8106117
Sweet November,2001,Warner Bros. Pictures,Warner Bros. Pictures,-122.4650165,37.8040257
"Murder in the First, Season 1",2014,Turner Network Television (TNT),Turner North Center Productions,-122.4056146,37.7981228
Beautiful Boy,2018,Amazon Studios,Big Indie Pictures,-122.433055,37.774868
Freebie and the Bean,1974,American Broadcasting Company (ABC),Warner Bros. Pictures,-122.4011391,37.7597412
Nine Months,1995,Twentieth Century Fox Film Corp.,1492 Pictures,-122.4465763,37.7935663
What's Up Doc?,1972,Warner Bros. Pictures,Warner Bros. Pictures,-122.4812701,37.776455
"Play it Again, Sam",1972,Paramount Pictures,Paramount Pictures,-122.4059264,37.7985508
DEVS,2020,FX Network,Minim Productions,-122.3883985,37.7896411
Quitters,2015,,"Frederick & Ashbury, LLC.",-122.4301214,37.7563756
When a Man Loves a Woman,1994,Buena Vista Pictures,Touchstone Pictures,-122.4096643,37.7984828
Nine to Five,1980,Twentieth Century Fox Film Corporation,Twentieth Century Fox Film Corporation,-122.4071055,37.7851739
Outerlands,2025,Wolfe Video,"Vajra Films, LLC",-122.3964729,37.7936658
Ant-Man,2015,Walt Disney Studios Motion Pictures,"PYM Particles Productions, LLC",-122.420773,37.7841403
"Murder in the First, Season 1",2014,Turner Network Television (TNT),Turner North Center Productions,-122.4266135,37.7608223
Time After Time,1979,Columbia Broadcasting System (CBS),Orion Pictures Corp.,-122.4824726,37.7782823
Quitters,2015,,"Frederick & Ashbury, LLC.",-122.447707,37.7599053
Shang-Chi and the Legend of the Ten Rings,2021,Disney/Marvel,Freelance Restorations LLC,-122.4077005,37.7893542
Rent,2005,Columbia Pictures,Rent Productions LLC,-122.3699786,37.825284
Getting Even with Dad,1994,Metro-Goldwyn-Mayer (MGM),Metro-Goldwyn-Mayer (MGM),-122.4101808,37.8016649
Chance- Season 1 ep108,2016,HULU,TVM Productions,-122.4052396,37.7920418
Chance- Season 1 ep103,2016,HULU,TVM Productions,-122.3987241,37.765027
"Smile Again, Jenny Lee",2015,,Carlo Caldana/Marguery Films,-122.4110311,37.7927806
Foul Play,1978,Paramount Pictures,Paramount Pictures,-122.4336266,37.7793605
Contagion,2011,Warner Bros. Pictures,The Keres Corporation,-122.4140253,37.7999239
The Game,1997,Polygram Filmed Entertainment,Polygram Filmed Entertainment,-122.4037515,37.7924396
Boys and Girls,2000,Dimension Films,Punch 21 Productions,-122.4235663,37.8064162
Looking Season 2 ep 208,2015,HBO,"Mission Street Productions, LLC",-122.4100958,37.7752163
The Internship,2013,Twentieth Century Fox Film Corporation,Twentieth Century Fox Film Corp.,-122.40602,37.79426
Looking Season 2 ep 204,2015,HBO,"Mission Street Productions, LLC",-122.425717,37.76159
A Man on The Inside,2024,Netflix,"Universal Television, LLC",-122.4175714,37.7909544
Godzilla,2014,Warner Bros. Pictures,"Nautilus Productions, LLC",-122.3924358,37.7949305
George of the Jungle,1997,Buena Vista Pictures,Walt Disney Pictures,-122.4029353,37.7945463
"Murder in the First, Season 2",2015,Turner Network Television (TNT),Turner North Center Productions,-122.404479,37.7979773
Take the Money and Run,1969,Cinerama Releasing Corporation,American Broadcasting Company (ABC),-122.4092516,37.7993084
The Competition,1980,American Broadcasting Company (ABC),Columbia Pictures Corporation,-122.4660947,37.7698646
I Am Michael,2015,,That’s Hollywood,-122.43269,37.758031
Time After Time,1979,Columbia Broadcasting System (CBS),Orion Pictures Corp.,-122.4439182,37.8010651
The Dead Pool,1988,Warner Bros. Pictures,Warner Bros. Pictures,-122.408051,37.797015
Dr. Dolittle 2,2001,Twentieth Century Fox Film Corp.,Twentieth Century Fox Film Corp.,-122.4196461,37.8020026
Chance- Season 1 ep103,2016,HULU,TVM Productions,-122.4172161,37.8038552
Contagion,2011,Warner Bros. Pictures,The Keres Corporation,-122.4685673,37.7698834
Looking,2014,Home Box Office (HBO),"Mission Street Productions, LLC",-122.4266135,37.7608223
Tales of the City,2019,Netflix,Universal Television LLC,-122.4089071,37.7994612
DEVS,2020,FX Network,Minim Productions,-122.4117942,37.7510441
Flubber,1997,Buena Vista Pictures,Walt Disney Pictures,-122.3699786,37.825284
The Last Thing He Told Me,2023,Apple TV+,20th Television,-122.3988786,37.7870252
Looking Season 2 ep 207,2015,HBO,"Mission Street Productions, LLC",-122.4381822,37.7205765
The Diary of a Teenage Girl,2015,Sony Pictures Classics,"Diary the Movie, LLC",-122.43489,37.771831
The Caine Mutiny,1954,Columbia Pictures,Stanley Kramer Productions,-122.3976732,37.7992627
Invasion of the Body Snatchers,1978,United Artists,Solofilm,-122.4156675,37.8036989
The Master,2012,Weinstein Company,H.H. Project,-122.3956409,37.7993521
"Budding Prospects, Pilot",2017,Amazon,Picrow Streaming Inc.,-122.4062659,37.7473058
Age of Adaline,2015,,Lionsgate / Sidney Kimmel Entertainment / Lakeshore Entertainment,-122.3897154,37.7827982
Nash Bridges,2021,USA Nework,"Village NB Productions, LLC",-122.4159684,37.8093037
Time After Time,1979,Columbia Broadcasting System (CBS),Orion Pictures Corp.,-122.4360867,37.7999044
San Andreas,2015,Warner Bros.,"Upside Down Productions, Inc.",-122.4058222,37.8023949
Susan Slade,1961,Warner Bros. Pictures,Warner Bros. Pictures,-122.38489,37.773931
The Pursuit of Happyness,2006,Columbia Pictures,Columbia Pictures Corporation,-122.43352,37.73324
Nash Bridges,2021,USA Nework,"Village NB Productions, LLC",-122.4158539,37.8089795
Milk,2008,Focus Features,Focus Features,-122.4133739,37.7918593
Looking Season 2 ep 210,2015,HBO,"Mission Street Productions, LLC",-122.4232829,37.7722677
Looking Season 2 ep 210,2015,HBO,"Mission Street Productions, LLC",-122.4457286,37.7603405
Dreams,2025,The Match Factory GmbH,Suenos Productions LLC,-122.4394712,37.7957417
Ant-Man and the Wasp,2018,Walt Disney Studios Motion Pictures,"PYM Particles Productions II, LLC",-122.4011224,37.8053489
GirlBoss,2017,Netflix,"Hippolyta Productions, LLC",-122.4465909,37.7698782
Nash Bridges,2021,USA Nework,"Village NB Productions, LLC",-122.3975781,37.7993119
Foul Play,1978,Paramount Pictures,Paramount Pictures,-122.4252327,37.8050986
Vertigo,1958,Paramount Pictures,Alfred J. Hitchcock Productions,-122.4602558,37.7726187
The Phone/Jexi,2019,Lionsgate,CBS Films Inc.,-122.3959956,37.7624718
Bullitt,1968,Warner Brothers,Warner Brothers / Seven Arts Seven Arts,-122.4134592,37.7982745
The Bachelor,1999,New Line Cinema,George Street Pictures,-122.409141,37.8010729
"Looking ""Special""",2016,HBO,"Mission Street Productions, LLC",-122.4192417,37.779275
Venom: Let There Be Carnage,2021,Sony Pictures,SM Film Productions,-122.4059214,37.797493
Surface,2022,Apple TV+,"Apple Studios, LLC",-122.4019961,37.7888143
Venom: Let There Be Carnage,2021,Sony Pictures,SM Film Productions,-122.4133903,37.7852589
Cardinal X,2015,,Fire Horse Film Productions LLC,-122.4098934,37.7357632
Magnum Force,1973,Warner Bros. Pictures,The Malpaso Company,-122.4148466,37.8060426
The Conversation,1974,Paramount Pictures,American Zoetrope,-122.4035011,37.7663064
Alcatraz,2012,Warner Bros. Television,Bonanza Productions Inc.,-122.4120597,37.7974059
Pushing Dead,2016,TBD,"Pushing Dead , LLC",-122.4285879,37.7678965
Jagged Edge,1985,Columbia Pictures,Columbia Pictures Corp.,-122.4192417,37.779275
Twisted,2004,Paramount Pictures,Paramount Pictures,-122.4205316,37.7795597
Jade,1995,Paramount Pictures,Paramount Pictures,-122.4205316,37.7795597
So I Married an Axe Murderer,1993,TriStar Pictures,TriStar Pictures,-122.4065996,37.7976052
The Towering Inferno,1974,Twentieth Century - Fox,Irwin Allen Productions,-122.4298716,37.7896875
Chef Dynasty: House of Fang,2022,Food Network,"Quidnet Media, LLC",-122.408083,37.793978
Looking,2014,Home Box Office (HBO),"Mission Street Productions, LLC",-122.3648992,37.8102258
"Smile Again, Jenny Lee",2015,,Carlo Caldana/Marguery Films,-122.4121403,37.7922657
Chance - Season 1 Pilot,2016,HULU,TVM Productions,-122.4135414,37.7812278
Venom: Let There Be Carnage,2021,Sony Pictures,SM Film Productions,-122.4133739,37.7918593
Surface,2022,Apple TV+,"Apple Studios, LLC",-122.401109,37.7894171
Fearless,1993,Warner Bros. Pictures,Spring Creek Productions,-122.4305842,37.7977242
Shoot the Moon,1982,Metro-Goldwyn-Mayer (MGM),Metro-Goldwyn-Mayer (MGM),-122.4100923,37.7923883
Bullitt,1968,Warner Brothers,Warner Brothers / Seven Arts Seven Arts,-122.4032058,37.7465896
So I Married an Axe Murderer,1993,TriStar Pictures,TriStar Pictures,-122.4135849,37.8003832
Looking,2014,Home Box Office (HBO),"Mission Street Productions, LLC",-122.4274729,37.7517066
Dreams,2025,The Match Factory GmbH,Suenos Productions LLC,-122.4037757,37.7752811
I Remember Mama,1948,RKO Radio Pictures,RKO Radio Pictures,-122.3936136,37.7954425
Ant-Man and the Wasp,2018,Walt Disney Studios Motion Pictures,"PYM Particles Productions II, LLC",-122.412866,37.7863656
Outerlands,2025,Wolfe Video,"Vajra Films, LLC",-122.4704359,37.7700913
Vegas in Space,1992,MCA/Universal Home Video,Troma Entertainment,-122.426386,37.774738
San Andreas,2015,Warner Bros.,"Upside Down Productions, Inc.",-122.4027468,37.7950185
The Wedding Planner,2001,Sony Pictures Entertainment,Columbia Pictures,-122.3956409,37.7993521
Etruscan Smile,2017,TBD,"Po Valley Productions, LLC",-122.4037466,37.7873862
Venom,2018,"Columbia Pictures, Sony Pictures Releasing","L.O.Z. Productions, Inc.",-122.3963183,37.7939438
"Murder in the First, Season 3",2016,Turner Network Television (TNT),Turner North Center Productions,-122.3916757,37.7919897
Bullitt,1968,Warner Brothers,Warner Brothers / Seven Arts Seven Arts,-122.4238583,37.7231216
Looking,2014,Home Box Office (HBO),"Mission Street Productions, LLC",-122.4297042,37.7694834
The Bachelor,1999,New Line Cinema,George Street Pictures,-122.4021715,37.792255
Sense8 - Season 2,2016,Netflix,"Unpronounceable Productions, LLC",-122.4068124,37.7975023
Ant-Man and the Wasp,2018,Walt Disney Studios Motion Pictures,"PYM Particles Productions II, LLC",-122.3964729,37.7936658
Sense8,2015,Netflix,"Unpronounceable Productions, LLC",-122.411551,37.7637026
Looking Season 2 ep 204,2015,HBO,"Mission Street Productions, LLC",-122.4161084,37.7859698
The Last Black Man in San Francisco,2019,A24,"LBMISF, LLC",-122.4094738,37.7835718
"Murder in the First, Season 2",2015,Turner Network Television (TNT),Turner North Center Productions,-122.393516,37.7614916
I Remember Mama,1948,RKO Radio Pictures,RKO Radio Pictures,-122.4069694,37.797483
When We Rise,2017,Amercian Broadcasting Company,Film 49 Productions,-122.4354137,37.7624058
Surface,2022,Apple TV+,"Apple Studios, LLC",-122.4307999,37.772151
Milk,2008,Focus Features,Focus Features,-122.4192417,37.779275
Chance - Season 1 Pilot,2016,HULU,TVM Productions,-122.4092654,37.7934919
Chance - Season 1 ep105,2016,HULU,TVM Productions,-122.4053532,37.7882182
When We Rise,2017,Amercian Broadcasting Company,Film 49 Productions,-122.4354437,37.7620262
Sweet November,2001,Warner Bros. Pictures,Warner Bros. Pictures,-122.4266135,37.7608223
Sister Act 2: Back in the Habit,1993,Buena Vista Pictures,Touchstone Pictures,-122.4239199,37.806437
What's Up Doc?,1972,Warner Bros. Pictures,Warner Bros. Pictures,-122.4104463,37.7857289
The Last Black Man in San Francisco,2019,A24,"LBMISF, LLC",-122.4164573,37.7578291
Sense8 - Season 2,2016,Netflix,"Unpronounceable Productions, LLC",-122.4102464,37.8007752
"Looking ""Special""",2016,HBO,"Mission Street Productions, LLC",-122.4070784,37.794012
Looking,2014,Home Box Office (HBO),"Mission Street Productions, LLC",-122.443956,37.7669343
Chance- Season 1 ep106,2016,HULU,TVM Productions,-122.3699786,37.825284
Bullitt,1968,Warner Brothers,Warner Brothers / Seven Arts Seven Arts,-122.4137353,37.8027511
San Andreas,2015,Warner Bros.,"Upside Down Productions, Inc.",-122.403408,37.7853
"Murder in the First, Season 3",2016,Turner Network Television (TNT),Turner North Center Productions,-122.3691522,37.7406735
Parks and Recreation,2014,"NBC Universal Media, LLC","NBC Universal Media, LLC",-122.4086745,37.799223
God is a Communist?* (show me heart universe),2010,,Trismegistus Productions,-122.4292858,37.7903895
Venom,2018,"Columbia Pictures, Sony Pictures Releasing","L.O.Z. Productions, Inc.",-122.405533,37.7966713
Vertigo,1958,Paramount Pictures,Alfred J. Hitchcock Productions,-122.4038363,37.7969649
Class Action,1991,Twentieth Century Fox Film Corp.,Interscope Communications,-122.4029373,37.7968711
The Dead Pool,1988,Warner Bros. Pictures,Warner Bros. Pictures,-122.395642,37.7976602
Foul Play,1978,Paramount Pictures,Paramount Pictures,-122.4080699,37.7844406
Romeo Must Die,2000,Warner Bros. Pictures,Silver Pictures,-122.3990319,37.8009724
Looking Season 2 ep 204,2015,HBO,"Mission Street Productions, LLC",-122.443956,37.7669343
Basic Instinct,1992,TriStar Pictures,Carolco Pictures,-122.4085557,37.7768244
Chance- Season 1 ep104,2016,HULU,TVM Productions,-122.3979675,37.7297605
Bullitt,1968,Warner Brothers,Warner Brothers / Seven Arts Seven Arts,-122.4056449,37.7981294
Ant-Man and the Wasp,2018,Walt Disney Studios Motion Pictures,"PYM Particles Productions II, LLC",-122.4152298,37.8052723
Dreams,2025,The Match Factory GmbH,Suenos Productions LLC,-122.4158434,37.7823107
The Bachelor,1999,New Line Cinema,George Street Pictures,-122.40905,37.799277
About a Boy,2014,National Broadcasting Company,NBC Studios,-122.437937,37.7745168
Shit and Champagne,2020,,"Shaboom Boom, LLC",-122.4256018,37.7825651
Serial,1980,Paramount Pictures,Paramount Pictures,-122.3936136,37.7954425
Sneakers,1992,Universal Pictures,Universal Pictures,-122.389862,37.789873
Live Nude Girls Unite,2000,First Run Features,Constant Communication,-122.4056495,37.7976117
Chance- Season 1 ep103,2016,HULU,TVM Productions,-122.4568847,37.7490613
DEVS,2020,FX Network,Minim Productions,-122.4111093,37.801299
When We Rise,2017,Amercian Broadcasting Company,Film 49 Productions,-122.4431784,37.7703713
Hereafter,2010,Warner Bros. Pictures,GT Films,-122.4016184,37.789466
Steve Jobs,2015,Universal Pictures,RDF Productions LLC,-122.40488,37.7963942
This Is Us,2022,NBC,20th Television,-122.4040634,37.7981354
Nash Bridges,2021,USA Nework,"Village NB Productions, LLC",-122.397348,37.8016649
Vegas in Space,1992,MCA/Universal Home Video,Troma Entertainment,-122.4449921,37.7988229
Blue Jasmine,2013,Sony Pictures Classics,Perdido Productions,-122.3940353,37.7815501
The Bachelor,1999,New Line Cinema,George Street Pictures,-122.4152538,37.8053227
Patty Hearst,1988,Atlantic Releasing Corporation,Atlantic Entertainment Group,-122.4985965,37.7754416
Joy Luck Club,1993,National Broadcasting Company (NBC),Hollywood Pictures,-122.4068458,37.7942041
Pushing Dead,2016,TBD,"Pushing Dead , LLC",-122.4363113,37.7136213
Jade,1995,Paramount Pictures,Paramount Pictures,-122.4484231,37.8029308
Need For Speed,2014,Walt Disney Studios Motion Pictures,"Need For Speed Productions, LLC",-122.4086079,37.7873909
The Game,1997,Polygram Filmed Entertainment,Polygram Filmed Entertainment,-122.4810057,37.7923841
The Rock,1996,Buena Vista Pictures,Hollywood Pictures,-122.4491285,37.8026694
Contagion,2011,Warner Bros. Pictures,The Keres Corporation,-122.3972152,37.7905027
Surface,2022,Apple TV+,"Apple Studios, LLC",-122.4384872,37.7701519
Looking,2014,Home Box Office (HBO),"Mission Street Productions, LLC",-122.4334276,37.7608571
The Conversation,1974,Paramount Pictures,American Zoetrope,-122.3998262,37.7946507
DEVS,2020,FX Network,Minim Productions,-122.4266135,37.7608223
Patty Hearst,1988,Atlantic Releasing Corporation,Atlantic Entertainment Group,-122.4327231,37.7760676
When a Man Loves a Woman,1994,Buena Vista Pictures,Touchstone Pictures,-122.4068574,37.7969137
The Conversation,1974,Paramount Pictures,American Zoetrope,-122.4087206,37.7877854
Sister Act 2: Back in the Habit,1993,Buena Vista Pictures,Touchstone Pictures,-122.4058222,37.8023949
Chance - Season 1 ep105,2016,HULU,TVM Productions,-122.4151417,37.788739
Mrs. Doubtfire,1993,Twentieth Century Fox Film Corporation,Twentieth Century Fox Film Corporation,-122.4133194,37.7943726
Summertime,2015,01 Distribution,"Creative Monster Productions, Inc.",-122.409821,37.808673
Milk,2008,Focus Features,Focus Features,-122.3977242,37.786052
Time After Time,1979,Columbia Broadcasting System (CBS),Orion Pictures Corp.,-122.4147491,37.7795066
Milk,2008,Focus Features,Focus Features,-122.4048082,37.7944675
Chance- Season 1 ep107,2016,HULU,TVM Productions,-122.4324326,37.7701803
Common Threads: Stories From the Quilt,1989,Direct Cinema Limited,Home Box Office (HBO),-122.435033,37.7608937
Summertime,2015,7 Distribution,"Creative Monster Productions, Inc.",-122.4345097,37.7754224
George of the Jungle,1997,Buena Vista Pictures,Walt Disney Pictures,-122.4097554,37.7984704
The Game,1997,Polygram Filmed Entertainment,Polygram Filmed Entertainment,-122.401987,37.7888172
The Matrix Resurrections,2021,Warner Brothers,"Adobe Pictures, Inc.",-122.401906,37.7897312
A Man on The Inside,2024,Netflix,"Universal Television, LLC",-122.4141338,37.7914145
GirlBoss,2017,Netflix,"Hippolyta Productions, LLC",-122.4302866,37.7711831
Dope Queens,2025,TBD,TomorrowLand Productions Co Inc.,-122.4170528,37.7882309
Sweet November,2001,Warner Bros. Pictures,Warner Bros. Pictures,-122.3960369,37.7627985
Terminator - Genisys,2015,Paramount Pictures,T5 Productions LLC,-122.396797,37.793527
Looking Season 2 ep 204,2015,HBO,"Mission Street Productions, LLC",-122.4238729,37.7922528
Bedazzled,2000,Twentieth Century Fox Film Corp.,Twentieth Century Fox Film Corp.,-122.4102464,37.8007752
"Murder in the First, Season 1",2014,Turner Network Television (TNT),Turner North Center Productions,-122.4084815,37.7933133
Chef Dynasty: House of Fang,2022,Food Network,"Quidnet Media, LLC",-122.4161985,37.7801637
Junior,1994,Universal Pictures,Northern Lights Entertainment,-122.4160276,37.806191
Take the Money and Run,1969,Cinerama Releasing Corporation,American Broadcasting Company (ABC),-122.482977,37.7689203
The OA Part II,2019,Netflix,Lunar Mining LLC,-122.4114139,37.7856667
Goliath- Season 4,2021,Amazon Studios,"Picrow, Inc.",-122.3956409,37.7993521
Magnum Force,1973,Warner Bros. Pictures,The Malpaso Company,-122.3976732,37.7992627
Pushing Dead,2016,TBD,"Pushing Dead , LLC",-122.4166513,37.758967
"Goodbye, Mr.Chips",,,,-122.3658344,37.8193829
Looking Season 2 ep 204,2015,HBO,"Mission Street Productions, LLC",-122.4334023,37.7608846
Ant-Man and the Wasp,2018,Walt Disney Studios Motion Pictures,"PYM Particles Productions II, LLC",-122.411044,37.7919072
Goliath,2021,Amazon Prime Video,Amazon Studios,-122.4117847,37.7945925
"Murder in the First, Season 1",2014,Turner Network Television (TNT),Turner North Center Productions,-122.3892168,37.7784136
The Towering Inferno,1974,Twentieth Century - Fox,Irwin Allen Productions,-122.4100923,37.7923883
Terminator - Genisys,2015,Paramount Pictures,T5 Productions LLC,-122.3648992,37.8102258
A Smile Like Yours,1997,Paramount Pictures,Paramount Pictures,-122.39737,37.7932009
A Man on The Inside,2024,Netflix,"Universal Television, LLC",-122.4113279,37.8008675
Interview With The Vampire,1994,Geffen Pictures,Geffen Pictures,-122.4114343,37.781227
40 Days and 40 Nights,2002,Miramax Films,Miramax Films,-122.4433186,37.7694065
The OA Part II,2019,Netflix,Lunar Mining LLC,-122.3896032,37.7729525
Pushing Dead,2016,TBD,"Pushing Dead , LLC",-122.415856,37.782621
"Smile Again, Jenny Lee",2015,,Carlo Caldana/Marguery Films,-122.4192417,37.779275
High Crimes,2002,Twentieth Century Fox Corporation,Twentieth Century Fox Corporation,-122.393267,37.76163
Star Trek IV: The Voyage Home,1986,Paramount Pictures,Paramount Pictures,-122.439016,37.8066961
The OA Part II,2019,Netflix,Lunar Mining LLC,-122.4732299,37.7562439
The Dead Pool,1988,Warner Bros. Pictures,Warner Bros. Pictures,-122.3829866,37.7562813
Sense8 - Season 2,2016,Netflix,"Unpronounceable Productions, LLC",-122.401109,37.7894171
Venom: Let There Be Carnage,2021,Sony Pictures,SM Film Productions,-122.483638,37.7935724
Jagged Edge,1985,Columbia Pictures,Columbia Pictures Corp.,-122.4785598,37.8199109
The Last Black Man in San Francisco,2019,A24,"LBMISF, LLC",-122.4268969,37.7643873
Chance Season 2,2017,Hulu,TVM Productions Inc.,-122.4155073,37.8083487
Boys and Girls,2000,Dimension Films,Punch 21 Productions,-122.3936136,37.7954425
Sense8 - Season 2,2016,Netflix,"Unpronounceable Productions, LLC",-122.40779,37.79381
The Phone/Jexi,2019,Lionsgate,CBS Films Inc.,-122.4203163,37.7784816
Super Pumped: The Battle for Uber,2022,Showtime,Possible Productions,-122.3965516,37.7625922
The Lady from Shanghai,1947,Columbia Pictures,Columbia Pictures Corp.,-122.4661345,37.7695812
Love & Taxes,2014,,Bad Company Films,-122.4224662,37.7749363
Looking Season 2 ep 203,2015,HBO,"Mission Street Productions, LLC",-122.4126175,37.758168
Dr. Dolittle 2,2001,Twentieth Century Fox Film Corp.,Twentieth Century Fox Film Corp.,-122.4207889,37.7755172
Big Eyes,2014,Weinstein Company,Blink & Wink Productions,-122.4335403,37.7883758
Vertigo,1958,Paramount Pictures,Alfred J. Hitchcock Productions,-122.4241318,37.7824801
Nash Bridges,2021,USA Nework,"Village NB Productions, LLC",-122.4071135,37.7959798
Innerspace,1987,Warner Bros. Pictures,Amblin Entertainment,-122.4103924,37.7915528
The Lineup,1958,Columbia Pictures,Pajemer Productions,-122.4103924,37.7915528
George of the Jungle,1997,Buena Vista Pictures,Walt Disney Pictures,-122.3648992,37.8102258
The Game,1997,Polygram Filmed Entertainment,Polygram Filmed Entertainment,-122.4089604,37.7734395
Looking,2014,Home Box Office (HBO),"Mission Street Productions, LLC",-122.4106977,37.7528277
Venom,2018,"Columbia Pictures, Sony Pictures Releasing","L.O.Z. Productions, Inc.",-122.4061681,37.7951101
San Andreas,2015,Warner Bros.,"Upside Down Productions, Inc.",-122.3892168,37.7784136
"Murder in the First, Season 3",2016,Turner Network Television (TNT),Turner North Center Productions,-122.3874201,37.7872065
Vegas in Space,1992,MCA/Universal Home Video,Troma Entertainment,-122.408787,37.7795202
Goliath- Season 4,2021,Amazon Studios,"Picrow, Inc.",-122.4066473,37.7998065
"Murder in the First, Season 1",2014,Turner Network Television (TNT),Turner North Center Productions,-122.434819,37.7763694
Looking,2014,Home Box Office (HBO),"Mission Street Productions, LLC",-122.4785598,37.8199109
Ant-Man and the Wasp,2018,Walt Disney Studios Motion Pictures,"PYM Particles Productions II, LLC",-122.4044008,37.7991483
Looking Season 2 ep 210,2015,HBO,"Mission Street Productions, LLC",-122.4195427,37.7552119
Tales of the City,2019,Netflix,Universal Television LLC,-122.4219564,37.764908
Pushing Dead,2016,TBD,"Pushing Dead , LLC",-122.4132118,37.7527686
Pushing Dead,2016,TBD,"Pushing Dead , LLC",-122.3888802,37.758393
Time After Time,1979,Columbia Broadcasting System (CBS),Orion Pictures Corp.,-122.4058515,37.7928619
The Phone/Jexi,2019,Lionsgate,CBS Films Inc.,-122.4322231,37.7548356
Outerlands,2025,Wolfe Video,"Vajra Films, LLC",-122.497202,37.775781
A Man on The Inside,2024,Netflix,"Universal Television, LLC",-122.4208039,37.7894811
All About Eve,1950,Twentieth Century Fox Film Corp.,Twentieth Century Fox Film Corp.,-122.4106277,37.7868283
The Conversation,1974,Paramount Pictures,American Zoetrope,-122.4066183,37.787552
Summertime,2015,9 Distribution,"Creative Monster Productions, Inc.",-122.4012161,37.7980022
"Murder in the First, Season 1",2014,Turner Network Television (TNT),Turner North Center Productions,-122.4179462,37.8053237
Ant-Man,2015,Walt Disney Studios Motion Pictures,"PYM Particles Productions, LLC",-122.3975554,37.7926206
Birth of the Dragon,2016,Kylin Pictures,"BOTD U.S. Productions, Inc.",-122.4108465,37.7918448
Birth of the Dragon,2016,Kylin Pictures,"BOTD U.S. Productions, Inc.",-122.4178564,37.8109433
The Lineup,1958,Columbia Pictures,Pajemer Productions,-122.3976732,37.7992627
Looking Season 2 ep 203,2015,HBO,"Mission Street Productions, LLC",-122.4446117,37.7269226
Blue Jasmine,2013,Sony Pictures Classics,Perdido Productions,-122.4166188,37.7607321
Nash Bridges,2021,USA Nework,"Village NB Productions, LLC",-122.3974229,37.8001877
Fremont,2023,Music Box Films,Fremont The Movie LLC,-122.4059508,37.7924681
Joy Luck Club,1993,National Broadcasting Company (NBC),Hollywood Pictures,-122.4143844,37.7996653
Sudden Impact,1983,Warner Bros. Pictures,Warner Bros. Pictures,-122.3936136,37.7954425
Invasion of the Body Snatchers,1978,United Artists,Solofilm,-122.4138875,37.7835785
The Lineup,1958,Columbia Pictures,Pajemer Productions,-122.4661345,37.7695812
What's Up Doc?,1972,Warner Bros. Pictures,Warner Bros. Pictures,-122.4048082,37.7944675
Always Be My Maybe,2019,Netflix,"Isla Productions, LLC",-122.47709,37.8106117
Ant-Man and the Wasp,2018,Walt Disney Studios Motion Pictures,"PYM Particles Productions II, LLC",-122.3965516,37.7625922
Sense8,2015,Netflix,"Unpronounceable Productions, LLC",-122.4351232,37.7632816
Vertigo,1958,Paramount Pictures,Alfred J. Hitchcock Productions,-122.4044311,37.7907271
The Phone/Jexi,2019,Lionsgate,CBS Films Inc.,-122.404402,37.7998462
Basic Instinct,1992,TriStar Pictures,Carolco Pictures,-122.4661345,37.7695812
Dark Passage,1947,Warner Bros. Pictures,Warner Bros. Pictures,-122.4785598,37.8199109
Venom: Let There Be Carnage,2021,Sony Pictures,SM Film Productions,-122.4058222,37.8023949
Chef Dynasty: House of Fang,2022,Food Network,"Quidnet Media, LLC",-122.4053898,37.7964791
Vertigo,1958,Paramount Pictures,Alfred J. Hitchcock Productions,-122.47709,37.8106117
Ant-Man and the Wasp: Quantumania,2023,Walt Disney Studios Motion Pictures,Pym Particles Production III LLC,-122.4152873,37.7865402
Looking,2014,Home Box Office (HBO),"Mission Street Productions, LLC",-122.4026141,37.778123
So I Married an Axe Murderer,1993,TriStar Pictures,TriStar Pictures,-122.4065082,37.7974835
Experiment in Terror,1962,Columbia Pictures,Columbia Pictures Corporation,-122.4159393,37.8081009
The Enforcer,1976,Warner Bros. Pictures,Warner Bros. Pictures,-122.4230122,37.8266636
Terminator - Genisys,2015,Paramount Pictures,T5 Productions LLC,-122.3961223,37.7935438
Ant-Man,2015,Walt Disney Studios Motion Pictures,"PYM Particles Productions, LLC",-122.4102464,37.8007752
The Dead Pool,1988,Warner Bros. Pictures,Warner Bros. Pictures,-122.3919317,37.7551731
Magnum Force,1973,Warner Bros. Pictures,The Malpaso Company,-122.4149779,37.7966511
The Dead Pool,1988,Warner Bros. Pictures,Warner Bros. Pictures,-122.4052341,37.7948896
Chance Season 2,2017,Hulu,TVM Productions Inc.,-122.4491285,37.8026694
A Man on The Inside,2024,Netflix,"Universal Television, LLC",-122.4141338,37.7914145
Etruscan Smile,2017,TBD,"Po Valley Productions, LLC",-122.409821,37.808673
Sense8 - Season 2,2016,Netflix,"Unpronounceable Productions, LLC",-122.4133739,37.7918593
GirlBoss,2017,Netflix,"Hippolyta Productions, LLC",-122.4055417,37.7988787
Time After Time,1979,Columbia Broadcasting System (CBS),Orion Pictures Corp.,-122.4491285,37.8026694
Summertime,2015,8 Distribution,"Creative Monster Productions, Inc.",-122.4515753,37.7594754
Maintenance Required,2025,Amazon MGM Studios,ROUKYA FILMS,-122.4465763,37.7935663
Looking Season 2 ep 210,2015,HBO,"Mission Street Productions, LLC",-122.4195684,37.7653618
Chance- Season 1 ep106,2016,HULU,TVM Productions,-122.4138471,37.7808585
The Last Black Man in San Francisco,2019,A24,"LBMISF, LLC",-122.4144966,37.7921479
A Taiwanese Tale of Two Cities,2018,Netflix,Envision Productions Inc.,-122.4176986,37.7794929
I’m A Virgo,2023,Prime Video,Bing Bang Productions Inc,-122.404741,37.794699
Maintenance Required,2025,Amazon MGM Studios,ROUKYA FILMS,-122.40638,37.79783
Contagion,2011,Warner Bros. Pictures,The Keres Corporation,-122.4174374,37.778145
Star Trek IV: The Voyage Home,1986,Paramount Pictures,Paramount Pictures,-122.4785598,37.8199109
San Andreas,2015,Warner Bros.,"Upside Down Productions, Inc.",-122.4133446,37.8092691
Sister Act,1992,Buena Vista Pictures,Touchstone Pictures,-122.4269434,37.7442642
"Murder in the First, Season 2",2015,Turner Network Television (TNT),Turner North Center Productions,-122.3952588,37.7967391
Contagion,2011,Warner Bros. Pictures,The Keres Corporation,-122.4259985,37.7759402
The Last Black Man in San Francisco,2019,A24,"LBMISF, LLC",-122.3756118,37.7314866
Nine Months,1995,Twentieth Century Fox Film Corp.,1492 Pictures,-122.4034548,37.7681477
"Play it Again, Sam",1972,Paramount Pictures,Paramount Pictures,-122.4812701,37.776455
Chance- Season 1 ep107,2016,HULU,TVM Productions,-122.4428,37.76582
Time After Time,1979,Columbia Broadcasting System (CBS),Orion Pictures Corp.,-122.439016,37.8066961
Chance- Season 1 ep108,2016,HULU,TVM Productions,-122.4104443,37.7923897
Blue Jasmine,2013,Sony Pictures Classics,Perdido Productions,-122.4107118,37.7529598
Cardinal X,2015,,Fire Horse Film Productions LLC,-122.3897866,37.7318065
The Last Black Man in San Francisco,2019,A24,"LBMISF, LLC",-122.3722183,37.729848
Surface,2022,Apple TV+,"Apple Studios, LLC",-122.4073781,37.7955382
San Andreas,2015,Warner Bros.,"Upside Down Productions, Inc.",-122.4055295,37.7980264
Chance- Season 1 ep107,2016,HULU,TVM Productions,-122.4202133,37.74557
Greed,1924,Metro-Goldwyn-Mayer (MGM),Metro-Goldwyn-Mayer (MGM),-122.4066034,37.7901055
DEVS,2020,FX Network,Minim Productions,-122.434819,37.7763694
Star Trek IV: The Voyage Home,1986,Paramount Pictures,Paramount Pictures,-122.4075139,37.7879358
Pal Joey,1957,Columbia Pictures,Columbia Pictures Corporation,-122.4058222,37.8023949
Bullitt,1968,Warner Brothers,Warner Brothers / Seven Arts Seven Arts,-122.4143275,37.80077
Alcatraz,2012,Warner Bros. Television,Bonanza Productions Inc.,-122.41522,37.80389
Sweet November,2001,Warner Bros. Pictures,Warner Bros. Pictures,-122.4011537,37.7904462
Experiment in Terror,1962,Columbia Pictures,Columbia Pictures Corporation,-122.4019339,37.7891228
The House on Telegraph Hill,1951,Twentieth Century Fox Film Corp.,Twentieth Century Fox Film Corp.,-122.4045546,37.8004678
Time After Time,1979,Columbia Broadcasting System (CBS),Orion Pictures Corp.,-122.4017754,37.8012634
Hereafter,2010,Warner Bros. Pictures,GT Films,-122.4126874,37.7932852
"Looking ""Special""",2016,HBO,"Mission Street Productions, LLC",-122.4125282,37.8085771
Herbie Rides Again,1974,Buena Vista Distribution,Walt Disney Productions,-122.4785598,37.8199109
Surface,2022,Apple TV+,"Apple Studios, LLC",-122.4484231,37.8029308
Red Widow,2013,American Broadcasting Company (ABC),Beyond Pix,-122.4135852,37.7970672
Looking,2014,Home Box Office (HBO),"Mission Street Productions, LLC",-122.4160215,37.7647319
"Murder in the First, Season 2",2015,Turner Network Television (TNT),Turner North Center Productions,-122.4014061,37.7665652
Americana,2015,,Sutro Films LLC,-122.4117295,37.7327965
Looking,2014,Home Box Office (HBO),"Mission Street Productions, LLC",-122.4092959,37.7860081
Looking,2014,Home Box Office (HBO),"Mission Street Productions, LLC",-122.4348896,37.762326
The Bachelor,1999,New Line Cinema,George Street Pictures,-122.4012865,37.791857
Nine Months,1995,Twentieth Century Fox Film Corp.,1492 Pictures,-122.4040755,37.7991868
San Francisco,1936,Metro-Goldwyn Mayer,Metro-Goldwyn Mayer,-122.4192417,37.779275
The Presidio,1988,Paramount Pictures,Paramount Pictures,-122.3936136,37.7954425
Terminator - Genisys,2015,Paramount Pictures,T5 Productions LLC,-122.4071818,37.7903836
Looking Season 2 ep 205,2015,HBO,"Mission Street Productions, LLC",-122.4108803,37.7536763
Shang-Chi and the Legend of the Ten Rings,2021,Disney/Marvel,Freelance Restorations LLC,-122.4071818,37.7903836
Chan is Missing,1982,New Yorker Films,New Yorker Films,-122.406882,37.795288
The Matrix Resurrections,2021,Warner Brothers,"Adobe Pictures, Inc.",-122.4014027,37.7928972
Petulia,1968,Warner Brothers / Seven Arts,Warner Brothers / Seven Arts,-122.4100923,37.7923883
George of the Jungle,1997,Buena Vista Pictures,Walt Disney Pictures,-122.4061984,37.7873324
Looking Season 2 ep 204,2015,HBO,"Mission Street Productions, LLC",-122.4403648,37.7163236
"Smile Again, Jenny Lee",2015,,Carlo Caldana/Marguery Films,-122.463907,37.7852603
Venom,2018,"Columbia Pictures, Sony Pictures Releasing","L.O.Z. Productions, Inc.",-122.4028042,37.7928629
"Looking ""Special""",2016,HBO,"Mission Street Productions, LLC",-122.4064031,37.7934259
Terminator - Genisys,2015,Paramount Pictures,T5 Productions LLC,-122.421227,37.7848742
A Man on The Inside,2024,Netflix,"NBCUniversal Media, LLC",-122.4143334,37.7912071
Woman on the Run,1950,Universal Pictures,Fidelity Pictures Corporation,-122.4058703,37.7940098
Parks and Recreation,2014,"NBC Universal Media, LLC","NBC Universal Media, LLC",-122.4168378,37.779593
GirlBoss,2017,Netflix,"Hippolyta Productions, LLC",-122.392975,37.7932194
Tales of the City,2019,Netflix,Universal Television LLC,-122.4099386,37.7987411
Shadow of the Thin Man,1941,Metro-Goldwyn Mayer,Metro-Goldwyn Mayer,-122.3648992,37.8102258
Tales of the City,2019,Netflix,Universal Television LLC,-122.420591,37.762998
Looking Season 2 ep 202,2015,HBO,"Mission Street Productions, LLC",-122.3998823,37.7754094
Milk,2008,Focus Features,Focus Features,-122.433214,37.769551
Venom,2018,"Columbia Pictures, Sony Pictures Releasing","L.O.Z. Productions, Inc.",-122.4007361,37.7582806
Venom,2018,"Columbia Pictures, Sony Pictures Releasing","L.O.Z. Productions, Inc.",-122.4142543,37.7855844
Need For Speed,2014,Walt Disney Studios Motion Pictures,"Need For Speed Productions, LLC",-122.4093615,37.7838174
Chance Season 2,2017,Hulu,TVM Productions Inc.,-122.3895614,37.7904588
Fremont,2023,Music Box Films,Fremont The Movie LLC,-122.40511,37.794238
Burglar,1987,Warner Bros. Pictures,Warner Bros. Pictures,-122.4492093,37.7695853
Petulia,1968,Warner Brothers / Seven Arts,Warner Brothers / Seven Arts,-122.4133446,37.8092691
Magnum Force,1973,Warner Bros. Pictures,The Malpaso Company,-122.4291933,37.7925954
Jade,1995,Paramount Pictures,Paramount Pictures,-122.4093401,37.8002488
Hulk,2003,Universal Pictures,Universal Pictures,-122.4785598,37.8199109
Chance - Season 1 Pilot,2016,HULU,TVM Productions,-122.4003253,37.777434
Chance- Season 1 ep104,2016,HULU,TVM Productions,-122.4043399,37.7668332
Basic Instinct,1992,TriStar Pictures,Carolco Pictures,-122.4048082,37.7944675
Super Pumped: The Battle for Uber,2022,Showtime,Possible Productions,-122.4212203,37.7735081
Americana,2015,,Sutro Films LLC,-122.4548745,37.7475379
Joy Luck Club,1993,National Broadcasting Company (NBC),Hollywood Pictures,-122.4143318,37.7442142
The Sweetest Thing,2002,Columbia Pictures,Columbia Pictures Corp.,-122.5300777,37.8451837
Bullitt,1968,Warner Brothers,Warner Brothers / Seven Arts Seven Arts,-122.4214673,37.8027288
The Game,1997,Polygram Filmed Entertainment,Polygram Filmed Entertainment,-122.4021715,37.792255
The Last Black Man in San Francisco,2019,A24,"LBMISF, LLC",-122.3739081,37.7309506
Maxie,1985,Orion Pictures Corporation,Elsboy Entertainment,-122.4133739,37.7918593
Bitter Melon,2018,"ABS-CBN, Gravitas Ventures",Bitter Melon Film LLC/Mammoth Pictures,-122.4237983,37.7646471
Quitters,2015,,"Frederick & Ashbury, LLC.",-122.4510878,37.7865377
The Matrix Resurrections,2021,Warner Brothers,"Adobe Pictures, Inc.",-122.3908828,37.7938381
Cardinal X,2015,,Fire Horse Film Productions LLC,-122.3912528,37.7291974
Age of Adaline,2015,,Lionsgate / Sidney Kimmel Entertainment / Lakeshore Entertainment,-122.4036859,37.7972387
Chance Season 2,2017,Hulu,TVM Productions Inc.,-122.43638,37.79219
Sense8 - Season 2,2016,Netflix,"Unpronounceable Productions, LLC",-122.4035525,37.802115
Woman on the Run,1950,Universal Pictures,Fidelity Pictures Corporation,-122.428818,37.787744
Ant-Man and the Wasp,2018,Walt Disney Studios Motion Pictures,"PYM Particles Productions II, LLC",-122.412038,37.806666
Greed,1924,Metro-Goldwyn-Mayer (MGM),Metro-Goldwyn-Mayer (MGM),-122.5137962,37.7783123
Nine Months,1995,Twentieth Century Fox Film Corp.,1492 Pictures,-122.4118164,37.7817894
Basic Instinct,1992,TriStar Pictures,Carolco Pictures,-122.40544,37.7975692
Surface,2022,Apple TV+,"Apple Studios, LLC",-122.4137716,37.7980325
Foul Play,1978,Paramount Pictures,Paramount Pictures,-122.4071883,37.7850758
Ant-Man,2015,Walt Disney Studios Motion Pictures,"PYM Particles Productions, LLC",-122.4978296,37.8281673
Pal Joey,1957,Columbia Pictures,Columbia Pictures Corporation,-122.4275027,37.7927092
Looking Season 2 ep 202,2015,HBO,"Mission Street Productions, LLC",-122.443956,37.7669343
Tales of the City,2019,Netflix,Universal Television LLC,-122.4075285,37.7998307
The Conversation,1974,Paramount Pictures,American Zoetrope,-122.4082762,37.788468
D.O.A,1950,United Artists,Cardinal Pictures,-122.4103924,37.7915528
Women is Losers,2020,,Look at the Moon Pictures,-122.4124936,37.7518067
Dirty Harry,1971,Warner Brothers,The Malpaso Company,-122.4101808,37.8016649
Nash Bridges,2021,USA Nework,"Village NB Productions, LLC",-122.3976317,37.7935159
Foul Play,1978,Paramount Pictures,Paramount Pictures,-122.47709,37.8106117
Dream for an Insomniac,1996,Columbia TriStar Home Video,Triton Productions,-122.4214116,37.7625064
Chance- Season 1 ep106,2016,HULU,TVM Productions,-122.4044379,37.7977448
Bicentennial Man,1999,Buena Vista Pictures,1492 Pictures,-122.4327231,37.7760676
Pushing Dead,2016,TBD,"Pushing Dead , LLC",-122.4415263,37.7750336
Steve Jobs,2015,Universal Pictures,RDF Productions LLC,-122.4093236,37.7920732
Swingin' Along,1961,Twentieth Century Fox Film Corporation,Twentieth Century Fox Film Corporation,-122.4101022,37.7965074
Chance - Season 1 Pilot,2016,HULU,TVM Productions,-122.4102389,37.7730283
A Taiwanese Tale of Two Cities,2018,Netflix,Envision Productions Inc.,-122.4347365,37.7619917
"Smile Again, Jenny Lee",2015,,Carlo Caldana/Marguery Films,-122.4644622,37.7401995
Boys and Girls,2000,Dimension Films,Punch 21 Productions,-122.4230122,37.8266636
The House on Telegraph Hill,1951,Twentieth Century Fox Film Corp.,Twentieth Century Fox Film Corp.,-122.4052612,37.8009425
The Diary of a Teenage Girl,2015,Sony Pictures Classics,"Diary the Movie, LLC",-122.4233722,37.7794028
Star Trek IV: The Voyage Home,1986,Paramount Pictures,Paramount Pictures,-122.4055929,37.7972383
Milk,2008,Focus Features,Focus Features,-122.4324936,37.7737605
Ant-Man,2015,Walt Disney Studios Motion Pictures,"PYM Particles Productions, LLC",-122.443956,37.7669343
180,2011,,SPI Cinemas,-122.3952007,37.7951195
Cardinal X,2015,,Fire Horse Film Productions LLC,-122.4474995,37.7994009
GirlBoss,2017,Netflix,"Hippolyta Productions, LLC",-122.4483557,37.7700404
The Last Black Man in San Francisco,2019,A24,"LBMISF, LLC",-122.4093311,37.7241943
A Man on The Inside,2024,Netflix,"Universal Television, LLC",-122.4000447,37.8023368
Bullitt,1968,Warner Brothers,Warner Brothers / Seven Arts Seven Arts,-122.4106579,37.7931077
Sense8,2015,Netflix,"Unpronounceable Productions, LLC",-122.4099386,37.7987411
GirlBoss,2017,Netflix,"Hippolyta Productions, LLC",-122.4159684,37.8093037
Etruscan Smile,2017,TBD,"Po Valley Productions, LLC",-122.4342051,37.7895492
Sense8 - Season 2,2016,Netflix,"Unpronounceable Productions, LLC",-122.4347365,37.7619917
Nash Bridges,2021,USA Nework,"Village NB Productions, LLC",-122.404479,37.7979773
"Murder in the First, Season 3",2016,Turner Network Television (TNT),Turner North Center Productions,-122.4007918,37.7586336
Golden Gate,1994,The Samuel Goldwyn Company,American Playhouse Theatrical Films,-122.4785598,37.8199109
The Phone/Jexi,2019,Lionsgate,CBS Films Inc.,-122.4065591,37.7821773
Invasion of the Body Snatchers,1978,United Artists,Solofilm,-122.4038587,37.8025889
A Man on The Inside,2024,Netflix,"Universal Television, LLC",-122.4484231,37.8029308
Looking Season 2 ep 208,2015,HBO,"Mission Street Productions, LLC",-122.411015,37.7746
Ant-Man and the Wasp,2018,Walt Disney Studios Motion Pictures,"PYM Particles Productions II, LLC",-122.4052612,37.8009425
Burglar,1987,Warner Bros. Pictures,Warner Bros. Pictures,-122.4660947,37.7698646
Dreams,2025,The Match Factory GmbH,Suenos Productions LLC,-122.4457286,37.7705022
The Princess Diaries,2001,Buena Vista Pictures,Walt Disney Pictures,-122.483638,37.7935724
"Murder in the First, Season 1",2014,Turner Network Television (TNT),Turner North Center Productions,-122.420435,37.8049024
"Play it Again, Sam",1972,Paramount Pictures,Paramount Pictures,-122.5066205,37.762493
On the Road,2012,IFC Films & Sundance Selects,SPAD Films,-122.4000696,37.7544983
Interview With The Vampire,1994,Geffen Pictures,Geffen Pictures,-122.4494007,37.715701
Chance- Season 1 ep110,2016,HULU,TVM Productions,-122.5137962,37.7783123
Chance- Season 1 ep109,2016,HULU,TVM Productions,-122.4135414,37.7812278
Sudden Impact,1983,Warner Bros. Pictures,Warner Bros. Pictures,-122.5094898,37.779894
Foul Play,1978,Paramount Pictures,Paramount Pictures,-122.4190547,37.790802
Ant-Man and the Wasp,2018,Walt Disney Studios Motion Pictures,"PYM Particles Productions II, LLC",-122.4157997,37.8082387
So I Married an Axe Murderer,1993,TriStar Pictures,TriStar Pictures,-122.4018208,37.8034649
Looking,2014,Home Box Office (HBO),"Mission Street Productions, LLC",-122.51365,37.7804444
Dreams,2025,The Match Factory GmbH,Suenos Productions LLC,-122.430482,37.800886
A Man on The Inside,2024,Netflix,"NBCUniversal Media, LLC",-122.4362179,37.7968371
Nine Months,1995,Twentieth Century Fox Film Corp.,1492 Pictures,-122.4033423,37.7960838
The Phone/Jexi,2019,Lionsgate,CBS Films Inc.,-122.4080903,37.784
Blue Jasmine,2013,Sony Pictures Classics,Perdido Productions,-122.4791515,37.780586
Star Trek II : The Wrath of Khan,1982,Paramount Pictures,Paramount Pictures,-122.482977,37.7689203
"Looking ""Special""",2016,HBO,"Mission Street Productions, LLC",-122.4200354,37.7909005
Venom: Let There Be Carnage,2021,Sony Pictures,SM Film Productions,-122.4036859,37.7972387
Venom: Let There Be Carnage,2021,Sony Pictures,SM Film Productions,-122.4092678,37.7814095
Women is Losers,2020,,Look at the Moon Pictures,-122.4016749,37.7527439
"Murder in the First, Season 1",2014,Turner Network Television (TNT),Turner North Center Productions,-122.405222,37.79717
Nine Months,1995,Twentieth Century Fox Film Corp.,1492 Pictures,-122.4043707,37.8018125
Vertigo,1958,Paramount Pictures,Alfred J. Hitchcock Productions,-122.4242093,37.7823818
Sudden Impact,1983,Warner Bros. Pictures,Warner Bros. Pictures,-122.4533333,37.7383333
Ant-Man and the Wasp,2018,Walt Disney Studios Motion Pictures,"PYM Particles Productions II, LLC",-122.401109,37.7894171
The Diary of a Teenage Girl,2015,Sony Pictures Classics,"Diary the Movie, LLC",-122.444892,37.7888519
Time After Time,1979,Columbia Broadcasting System (CBS),Orion Pictures Corp.,-122.405629,37.7555919
Pacific Heights,1990,Twentieth Century Fox Film Corporation,Morgan Creek Productions,-122.3954651,37.7613763
Chance- Season 1 ep110,2016,HULU,TVM Productions,-122.4635386,37.7244513
The Rock,1996,Buena Vista Pictures,Hollywood Pictures,-122.4192417,37.779275
Chance- Season 1 ep102,2016,HULU,TVM Productions,-122.4117454,37.7963017
Steve Jobs,2015,Universal Pictures,RDF Productions LLC,-122.4066034,37.7901055
Looking Season 2 ep 208,2015,HBO,"Mission Street Productions, LLC",-122.4129242,37.7912199
The Matrix Resurrections,2021,Warner Brothers,"Adobe Pictures, Inc.",-122.4021715,37.792255
The Dead Pool,1988,Warner Bros. Pictures,Warner Bros. Pictures,-122.3989553,37.7572313
Foul Play,1978,Paramount Pictures,Paramount Pictures,-122.4046718,37.7993208
Summertime,2015,11 Distribution,"Creative Monster Productions, Inc.",-122.4035729,37.7892748
Getting Even with Dad,1994,Metro-Goldwyn-Mayer (MGM),Metro-Goldwyn-Mayer (MGM),-122.3978612,37.7995205
Chance - Season 1 Pilot,2016,HULU,TVM Productions,-122.4324448,37.770314
Looking Season 2 ep 210,2015,HBO,"Mission Street Productions, LLC",-122.4105336,37.7742157
Looking Season 2 ep 202,2015,HBO,"Mission Street Productions, LLC",-122.4138625,37.7715293
The OA Part II,2019,Netflix,Lunar Mining LLC,-122.4556152,37.7889076
GirlBoss,2017,Netflix,"Hippolyta Productions, LLC",-122.4307999,37.772151
Beautiful Boy,2018,Amazon Studios,Big Indie Pictures,-122.398293,37.752162
Blue Jasmine,2013,Sony Pictures Classics,Perdido Productions,-122.4065027,37.7951534
DEVS,2020,FX Network,Minim Productions,-122.4126216,37.7422467
The Dead Pool,1988,Warner Bros. Pictures,Warner Bros. Pictures,-122.4352807,37.7791497
Mother,1996,Paramount Pictures,Paramount Pictures,-122.4100923,37.7923883
Godzilla,2014,Warner Bros. Pictures,"Nautilus Productions, LLC",-122.3976317,37.7935159
Dirty Harry,1971,Warner Brothers,The Malpaso Company,-122.4561008,37.7669182
Blue Jasmine,2013,Sony Pictures Classics,Perdido Productions,-122.4184827,37.77553
Surface,2022,Apple TV+,"Apple Studios, LLC",-122.40451,37.80096
A Smile Like Yours,1997,Paramount Pictures,Paramount Pictures,-122.3816274,37.6191145
Outerlands,2025,Wolfe Video,"Vajra Films, LLC",-122.4689929,37.7825772
Sonic the Hedgehog,2020,Paramount Pictures,"Paramount Overseas Productions, Inc.",-122.400202,37.7878372
Sense8,2015,Netflix,"Unpronounceable Productions, LLC",-122.4125388,37.7590414
Freebie and the Bean,1974,American Broadcasting Company (ABC),Warner Bros. Pictures,-122.4076596,37.7927749
Harold and Maude,1971,Paramount Pictures,Mildred Lewis and Colin Higgins Productions,-122.51365,37.7804444
Edtv,1999,MCA / Universal Pictures,Imagine Entertainment,-122.4183353,37.8006695
"Murder in the First, Season 2",2015,Turner Network Television (TNT),Turner North Center Productions,-122.4022683,37.7747389
Blue Jasmine,2013,Sony Pictures Classics,Perdido Productions,-122.510734,37.7593921
Ballers Season 3,2017,HBO,"Chori Perros Productions, LLC",-122.4154216,37.7901752
The Love Bug,1968,Buena Vista Distribution,Walt Disney Productions,-122.4033778,37.8040426
Steve Jobs,2015,Universal Pictures,RDF Productions LLC,-122.4205316,37.7795597
Chance- Season 1 ep108,2016,HULU,TVM Productions,-122.4106579,37.7931077
Chance - Season 1 Pilot,2016,HULU,TVM Productions,-122.4346808,37.7696087
The Enforcer,1976,Warner Bros. Pictures,Warner Bros. Pictures,-122.4175336,37.7539175
Basic Instinct,1992,TriStar Pictures,Carolco Pictures,-122.4041754,37.7761709
Parks and Recreation,2014,"NBC Universal Media, LLC","NBC Universal Media, LLC",-122.4056428,37.8018059
Nora Prentiss,1947,Warner Bros. Pictures,Warner Bros. Pictures,-122.4133224,37.7884549
Ant-Man and the Wasp,2018,Walt Disney Studios Motion Pictures,"PYM Particles Productions II, LLC",-122.41491,37.79596
Venom,2018,"Columbia Pictures, Sony Pictures Releasing","L.O.Z. Productions, Inc.",-122.4102464,37.8007752
Looking Season 2 ep 206,2015,HBO,"Mission Street Productions, LLC",-122.43489,37.771831
Dope Queens,2025,TBD,TomorrowLand Productions Co Inc.,-122.416134,37.7524823
