{
  "type": "FeatureCollection",
  "features": [
    {
      "type": "Feature",
      "id": 2,
      "geometry": {
        "type": "Polygon",
        "coordinates": [
          [
            [-79.0745063991575, 35.8746905328125],
            [-79.0717524517818, 35.8747461096834],
            [-79.071761415457, 35.8746665435559],
            [-79.0722754351832, 35.8741458533063],
            [-79.0729306011011, 35.8735877656326],
            [-79.0732043739718, 35.8735278444289],
            [-79.0734341831805, 35.8733760897506],
            [-79.0734482501679, 35.873532843418],
            [-79.0739101693147, 35.8734401795729],
            [-79.0739455501412, 35.8733752544225],
            [-79.0740945026579, 35.8733911290201],
            [-79.0742488010282, 35.8732555603022],
            [-79.0743129380332, 35.8732611860068],
            [-79.0743769327908, 35.8731122812674],
            [-79.0744292418818, 35.8731038346778],
            [-79.074431718824, 35.8730445969239],
            [-79.0745544545133, 35.8729983313543],
            [-79.074589484198, 35.8730096412723],
            [-79.0748147077004, 35.8729221027804],
            [-79.0748335685316, 35.8727866190064],
            [-79.0748665182305, 35.8727653971436],
            [-79.0749309721856, 35.8727238871404],
            [-79.0749701840103, 35.8726953589444],
            [-79.0750250261665, 35.8726865680409],
            [-79.0750869836266, 35.8726185346782],
            [-79.0750945272128, 35.8725637570949],
            [-79.0751873771924, 35.872594261695],
            [-79.0753295072539, 35.8725344185823],
            [-79.0753138136304, 35.8724468609701],
            [-79.0753900415853, 35.872298120251],
            [-79.0754414985032, 35.872280229767],
            [-79.0755052369712, 35.872311610184],
            [-79.0755563374697, 35.872363774621],
            [-79.075679510765, 35.8723360513015],
            [-79.0762207166075, 35.8722180880948],
            [-79.076303156574, 35.8719477779642],
            [-79.0772728512507, 35.8712124382645],
            [-79.0783358516137, 35.8708611536402],
            [-79.0783573713485, 35.8695676915588],
            [-79.0783602122242, 35.8693969578649],
            [-79.078361216722, 35.8693365798306],
            [-79.0783648674726, 35.8691171862251],
            [-79.0783695111287, 35.8688380544996],
            [-79.0783747982775, 35.868520275673],
            [-79.0783799085033, 35.8682130711735],
            [-79.078393121305, 35.8674188248591],
            [-79.0784155927184, 35.867098759899],
            [-79.0784351424786, 35.8668125205121],
            [-79.0784355585905, 35.866807712618],
            [-79.0784908687821, 35.8659857422275],
            [-79.0784958018191, 35.8658535292819],
            [-79.0784926909248, 35.8656923035853],
            [-79.0784893395145, 35.8655080268338],
            [-79.0784864502682, 35.8653492489538],
            [-79.078482326051, 35.8650134034615],
            [-79.0784791372742, 35.8647263249389],
            [-79.0784783655153, 35.8646567986678],
            [-79.0784781640149, 35.8646385831608],
            [-79.0784722023649, 35.8641494101314],
            [-79.0790422386143, 35.8642379705527],
            [-79.0797181856833, 35.8643427883013],
            [-79.0797599564373, 35.8643492649007],
            [-79.0797530714751, 35.8642786898861],
            [-79.0797460567715, 35.864206788214],
            [-79.079739138272, 35.8641358653083],
            [-79.0797322522388, 35.8640652902881],
            [-79.0797077810615, 35.8640615288604],
            [-79.0796961644149, 35.8637828849071],
            [-79.0796870382944, 35.8635639525405],
            [-79.0796833187002, 35.8634783333318],
            [-79.0796766771645, 35.8633254659587],
            [-79.0797837944648, 35.8632877911187],
            [-79.0798766072624, 35.8632549458053],
            [-79.0800098353506, 35.8632077970271],
            [-79.0800946963041, 35.8631778968643],
            [-79.0802017179563, 35.863140188369],
            [-79.0803931783744, 35.8630725796856],
            [-79.0804682863297, 35.8630093675497],
            [-79.0805305916907, 35.8629569300711],
            [-79.0805537748026, 35.8629373408248],
            [-79.0806371225723, 35.8628650946304],
            [-79.0806643398083, 35.8628415017417],
            [-79.0807480679489, 35.8627689271374],
            [-79.0807775906482, 35.8627433371765],
            [-79.080793607605, 35.8627294192198],
            [-79.080827796834, 35.8626911238711],
            [-79.0808724400984, 35.8626411206614],
            [-79.0810514682731, 35.8624405908916],
            [-79.0811003804556, 35.8623858050632],
            [-79.0814681556001, 35.8626538924148],
            [-79.0814733791927, 35.8626578466153],
            [-79.0815791299316, 35.8627379265795],
            [-79.0817148072596, 35.862474697559],
            [-79.0820345866258, 35.8615934977652],
            [-79.0821805329937, 35.8607788701975],
            [-79.0820414095472, 35.8607832974172],
            [-79.0673744390523, 35.8613016353675],
            [-79.0675819633265, 35.8616501543036],
            [-79.0675162325281, 35.862410256595],
            [-79.0669678115197, 35.8624224753261],
            [-79.0667817145228, 35.8624266206943],
            [-79.0667410376026, 35.8628398001795],
            [-79.0667391680769, 35.8628553146965],
            [-79.0668827719725, 35.8628715814326],
            [-79.0668708068752, 35.8632113607063],
            [-79.0668699413826, 35.8632359130933],
            [-79.0664771678591, 35.8632179365256],
            [-79.0658220846455, 35.863218694754],
            [-79.0658452536551, 35.8637996738083],
            [-79.0658413807302, 35.86406775946],
            [-79.0658392403388, 35.8642158498788],
            [-79.0658357436809, 35.8644579070274],
            [-79.0658340027061, 35.8645784583421],
            [-79.0657709447099, 35.865157383579],
            [-79.0657703188021, 35.8652005606417],
            [-79.0657588163357, 35.8659938813665],
            [-79.0657612436576, 35.8660783785703],
            [-79.0657575907187, 35.8660784445335],
            [-79.0647239871278, 35.8660971941698],
            [-79.0639800151646, 35.8661106846893],
            [-79.0639631035621, 35.8661109909951],
            [-79.0637160391225, 35.8668318911667],
            [-79.0645693101013, 35.8677474590279],
            [-79.0645498275477, 35.8677900989272],
            [-79.0645246207413, 35.8677725392904],
            [-79.0640090253101, 35.8689452942492],
            [-79.0626143075996, 35.8721043864285],
            [-79.0603715223241, 35.8722679919547],
            [-79.0603853137034, 35.8727302364321],
            [-79.0603820929483, 35.8728126083291],
            [-79.0604267158988, 35.8738659703127],
            [-79.0604728705208, 35.8751871900933],
            [-79.0575103322444, 35.8749575772985],
            [-79.0571728172815, 35.8752116236599],
            [-79.0565259666755, 35.8756980653035],
            [-79.0558870489051, 35.8761288607689],
            [-79.0551137643048, 35.8766503136934],
            [-79.0550127216994, 35.8767134846375],
            [-79.05294359793, 35.8777850322465],
            [-79.0529436583013, 35.8777909691733],
            [-79.0529398507862, 35.8778331351786],
            [-79.0529365494398, 35.8778753947],
            [-79.0529334751491, 35.8779176982867],
            [-79.0529303488002, 35.8779599955859],
            [-79.0529268901722, 35.8780022380485],
            [-79.0529228223649, 35.878044375321],
            [-79.0529178651569, 35.8780863597553],
            [-79.0529117383244, 35.8781281409993],
            [-79.052904164966, 35.8781696696006],
            [-79.0528948637508, 35.8782108970102],
            [-79.052883585466, 35.87825177827],
            [-79.0528704098572, 35.8782923295685],
            [-79.052855629327, 35.8783326012521],
            [-79.0528395373871, 35.8783726454691],
            [-79.0528224264418, 35.8784125134672],
            [-79.052804590003, 35.8784522555926],
            [-79.0527863226914, 35.8784919239935],
            [-79.0527679158055, 35.8785315699187],
            [-79.0527496650736, 35.8785712437137],
            [-79.0527318617958, 35.8786109975289],
            [-79.052714799487, 35.8786508826125],
            [-79.0526985136039, 35.878690924186],
            [-79.0526825854906, 35.8787310746613],
            [-79.0526669043799, 35.8787713034415],
            [-79.0526513683624, 35.8788115772222],
            [-79.0526358777453, 35.8788518654016],
            [-79.0526203284036, 35.878892133775],
            [-79.0526046195365, 35.8789323517411],
            [-79.0525886492342, 35.8789724859951],
            [-79.0525723166956, 35.8790125059359],
            [-79.0525555189035, 35.8790523791602],
            [-79.0525381550553, 35.8790920732642],
            [-79.0525201232417, 35.8791315567454],
            [-79.0525013370593, 35.8791708007988],
            [-79.0524818917713, 35.879209836929],
            [-79.0524618837479, 35.8792486957389],
            [-79.0524413838812, 35.8792873988294],
            [-79.0524204652798, 35.8793259696026],
            [-79.052399197729, 35.8793644296602],
            [-79.0523776554449, 35.8794028024041],
            [-79.0523559082139, 35.8794411112385],
            [-79.052334030251, 35.8794793768615],
            [-79.0523120902364, 35.8795176244803],
            [-79.0522901623845, 35.8795558738921],
            [-79.052268317591, 35.8795941503033],
            [-79.0522466278566, 35.8796324753145],
            [-79.0522251651829, 35.8796708714277],
            [-79.0522041278794, 35.8797094449133],
            [-79.0521838638471, 35.8797484254574],
            [-79.0521641891826, 35.8797877194024],
            [-79.0521448845278, 35.8798272096718],
            [-79.0521257294178, 35.8798667809917],
            [-79.0521065044938, 35.8799063162854],
            [-79.0520869892897, 35.8799456993776],
            [-79.052066964446, 35.8799848131911],
            [-79.0520462106041, 35.8800235424511],
            [-79.0520245061884, 35.88006176918],
            [-79.0520016318391, 35.8800993772013],
            [-79.0519773681962, 35.8801362503385],
            [-79.0519514958996, 35.8801722724149],
            [-79.0519238720664, 35.8802074209575],
            [-79.0518948192443, 35.8802421122345],
            [-79.0518644603722, 35.8802763588109],
            [-79.0518328640756, 35.88031010117],
            [-79.0518001023029, 35.8803432797936],
            [-79.0517662447863, 35.880375833362],
            [-79.0517313612597, 35.880407702358],
            [-79.0516955214567, 35.8804388263633],
            [-79.0516587951109, 35.8804691449596],
            [-79.051621254172, 35.880498598629],
            [-79.0515829672661, 35.8805271260525],
            [-79.0515440052365, 35.8805546686141],
            [-79.0515043879765, 35.8805811596077],
            [-79.0514635971193, 35.8806065100215],
            [-79.0514215861882, 35.8806307793605],
            [-79.0513784981108, 35.8806540603984],
            [-79.0513344724908, 35.8806764441081],
            [-79.0512896511483, 35.8806980232641],
            [-79.0512441759016, 35.8807188879372],
            [-79.0511981852486, 35.8807391318051],
            [-79.0511518232227, 35.8807588449381],
            [-79.0511052294293, 35.8807781210137],
            [-79.051058545687, 35.880797051005],
            [-79.0510119127076, 35.880815726787],
            [-79.0509654678761, 35.8808342339268],
            [-79.0509183853518, 35.880851383037],
            [-79.0508701619337, 35.8808665461116],
            [-79.0508161707081, 35.8808818692998],
            [-79.0507753025163, 35.8808957737438],
            [-79.0507215155477, 35.8809048588203],
            [-79.0506715944592, 35.8809168183557],
            [-79.0506219626562, 35.8809291626111],
            [-79.0505725948454, 35.8809421791159],
            [-79.0505232638128, 35.8809555894591],
            [-79.0504738929003, 35.8809690106144],
            [-79.0504244076664, 35.8809820604562],
            [-79.0503747325613, 35.880994354155],
            [-79.0503247931453, 35.8810055095848],
            [-79.0502745149788, 35.8810151437181],
            [-79.050223822528, 35.8810228924553],
            [-79.0501727783599, 35.8810296309447],
            [-79.0501214780936, 35.8810359576181],
            [-79.0500699648811, 35.8810418057603],
            [-79.0500182874128, 35.8810471095553],
            [-79.0499664910572, 35.8810518031886],
            [-79.0499146200737, 35.8810558190433],
            [-79.0498627220458, 35.8810590913041],
            [-79.0498108423429, 35.881061555058],
            [-79.0497590263333, 35.8810631435894],
            [-79.0497073215998, 35.8810637892804],
            [-79.0496557724053, 35.8810634281201],
            [-79.0496043221576, 35.8810618789678],
            [-79.0495527724569, 35.8810588841289],
            [-79.0495011776378, 35.8810545481334],
            [-79.0494496053339, 35.8810489899271],
            [-79.0493981220706, 35.8810423284564],
            [-79.0493467954801, 35.8810346817658],
            [-79.0492956931954, 35.881026169703],
            [-79.0492448806335, 35.8810169112149],
            [-79.0491944254254, 35.8810070243467],
            [-79.049144397415, 35.8809966235373],
            [-79.0490951524055, 35.8809843683922],
            [-79.0490467553897, 35.8809696766383],
            [-79.0489989565083, 35.8809532631177],
            [-79.0489515047916, 35.880935839969],
            [-79.0489041503774, 35.8809181220334],
            [-79.0488566434018, 35.8809008232508],
            [-79.0488087406227, 35.8808846224067],
            [-79.0487604219631, 35.8808692869702],
            [-79.0487118521747, 35.8808543770342],
            [-79.0486631850464, 35.8808396374658],
            [-79.0486145699382, 35.880824814035],
            [-79.0485661595313, 35.8808096498071],
            [-79.0485181054011, 35.8807938896507],
            [-79.0484705591236, 35.8807772784341],
            [-79.0484236733831, 35.8807595619275],
            [-79.0483775012868, 35.8807406490778],
            [-79.0483318503274, 35.8807208689412],
            [-79.0482866275678, 35.8807003756795],
            [-79.0482417444961, 35.880679315341],
            [-79.0481971125991, 35.8806578330722],
            [-79.0481526444717, 35.8806360749206],
            [-79.0481082527082, 35.8806141860321],
            [-79.0480638499027, 35.880592312454],
            [-79.0480193464336, 35.8805705984315],
            [-79.0479746560021, 35.8805491900112],
            [-79.0479297343513, 35.8805281602166],
            [-79.0478848271086, 35.8805071087681],
            [-79.0478399475474, 35.8804860077198],
            [-79.0477950525174, 35.8804649282925],
            [-79.0477500944389, 35.8804439426097],
            [-79.0477050279456, 35.8804231209915],
            [-79.0476598076725, 35.8804025355606],
            [-79.0476143871469, 35.8803822584398],
            [-79.0475687243189, 35.8803623500335],
            [-79.0475230899877, 35.8803418963046],
            [-79.0474775903133, 35.880320624114],
            [-79.0474320882738, 35.8802990553753],
            [-79.0473864479537, 35.8802777120014],
            [-79.0473405334367, 35.8802571168064],
            [-79.047294207699, 35.8802377935058],
            [-79.0472473337136, 35.8802202631109],
            [-79.0471997766688, 35.880205048435],
            [-79.0471513995363, 35.8801926722915],
            [-79.0471018248284, 35.8801834313574],
            [-79.0470509117322, 35.8801770588967],
            [-79.0469990122642, 35.8801732762667],
            [-79.0469464817646, 35.8801718057249],
            [-79.0468936766822, 35.8801723713316],
            [-79.0468409523579, 35.8801746944446],
            [-79.0467886641341, 35.8801784982245],
            [-79.0467371662471, 35.8801835067344],
            [-79.0466862381828, 35.8801895118564],
            [-79.0466353660216, 35.8801964452879],
            [-79.0465845607931, 35.8802042313146],
            [-79.0465338324181, 35.8802127915185],
            [-79.0464831919269, 35.8802220510866],
            [-79.0464326481327, 35.8802319306999],
            [-79.0463822120665, 35.8802423555457],
            [-79.0463318958646, 35.8802532472049],
            [-79.0462817072355, 35.8802645299648],
            [-79.046231657209, 35.8802761263082],
            [-79.0461817579232, 35.8802879596192],
            [-79.0461320170861, 35.8802999523823],
            [-79.0460824502188, 35.8803121334336],
            [-79.0460330608264, 35.8803248236395],
            [-79.0459838289551, 35.8803379914617],
            [-79.0459347346313, 35.8803515702108],
            [-79.0458857545568, 35.8803654895933],
            [-79.0458368665427, 35.8803796820192],
            [-79.0457880495069, 35.8803940780955],
            [-79.0457392812606, 35.8804086102321],
            [-79.0456905396141, 35.880423208135],
            [-79.0456418034864, 35.8804378042136],
            [-79.0455930506889, 35.8804523299766],
            [-79.0455442601401, 35.8804667160306],
            [-79.0454954085441, 35.8804808938845],
            [-79.0454464737129, 35.8804947950468],
            [-79.0453974367808, 35.8805083510246],
            [-79.045348272237, 35.8805214924262],
            [-79.0452989612166, 35.88053415166],
            [-79.0452494804242, 35.8805462593334],
            [-79.0451998076723, 35.8805577469547],
            [-79.0451498121006, 35.8805682991127],
            [-79.0450993329036, 35.880577522894],
            [-79.045048443248, 35.8805855426521],
            [-79.0449972229504, 35.8805924917516],
            [-79.0449457485056, 35.8805985053606],
            [-79.0448940986221, 35.8806037168441],
            [-79.0448423520081, 35.8806082595673],
            [-79.0447905862649, 35.8806122686985],
            [-79.044738878992, 35.880615876702],
            [-79.0446872989287, 35.880619216046],
            [-79.0446355381595, 35.8806222318629],
            [-79.0445835168091, 35.8806246781235],
            [-79.0445313665416, 35.8806263195367],
            [-79.0444792123753, 35.8806269181104],
            [-79.0444271859757, 35.8806262385537],
            [-79.0443754145777, 35.8806240437756],
            [-79.0443240276327, 35.8806200984865],
            [-79.044273090397, 35.8806142386244],
            [-79.0442221302706, 35.8806070123593],
            [-79.0441711296471, 35.8805986224929],
            [-79.0441202236674, 35.8805891122392],
            [-79.0440695441509, 35.8805785266164],
            [-79.0440192284538, 35.8805669097394],
            [-79.0439694095015, 35.880554304824],
            [-79.0439202224352, 35.8805407568874],
            [-79.0438718012877, 35.8805263100467],
            [-79.043824338707, 35.8805108560761],
            [-79.0437798887995, 35.8804897398604],
            [-79.043739034005, 35.8804627538921],
            [-79.0437012630335, 35.8804326284341],
            [-79.0436658440502, 35.8804018216309],
            [-79.0436311886783, 35.8803699230543],
            [-79.0435982735202, 35.8803365402847],
            [-79.0435685593263, 35.8803016015979],
            [-79.043543509061, 35.8802650379742],
            [-79.043524565632, 35.8802265604814],
            [-79.0435111010414, 35.8801860945375],
            [-79.0435007257442, 35.8801444530792],
            [-79.0434910180942, 35.8801024715863],
            [-79.0434795575567, 35.8800609846363],
            [-79.0434640210424, 35.8800207925212],
            [-79.0434462643392, 35.8799811951595],
            [-79.0434278387696, 35.8799416755457],
            [-79.0434086425007, 35.8799023373668],
            [-79.0433885703773, 35.8798632834094],
            [-79.0433675161363, 35.8798246164606],
            [-79.0433453757298, 35.8797864393066],
            [-79.043322045111, 35.879748856536],
            [-79.043297401401, 35.879711963731],
            [-79.0432710901961, 35.8796757456942],
            [-79.0432431723916, 35.8796401681531],
            [-79.0432138550852, 35.8796052238228],
            [-79.0431833486945, 35.8795709009106],
            [-79.0431518636395, 35.8795371930321],
            [-79.0431196070158, 35.8795040911002],
            [-79.04308673388, 35.8794716103818],
            [-79.0430523352422, 35.8794402315972],
            [-79.0430163789583, 35.8794099033817],
            [-79.0429793444038, 35.8793803137106],
            [-79.0429417098469, 35.8793511514616],
            [-79.0429039557712, 35.8793221064134],
            [-79.0428665593356, 35.8792928647413],
            [-79.0428297440585, 35.8792630622366],
            [-79.0427930051424, 35.8792331037666],
            [-79.0427557105801, 35.8792036799586],
            [-79.0427172283649, 35.8791754823407],
            [-79.0426769231672, 35.8791492033427],
            [-79.0426350982686, 35.8791245255945],
            [-79.0425925572463, 35.8791005898625],
            [-79.042549437353, 35.879077254592],
            [-79.0425058769481, 35.8790543773267],
            [-79.0424620166058, 35.8790318138071],
            [-79.0424179924713, 35.8790094224792],
            [-79.0423739429048, 35.8789870608876],
            [-79.0423300084805, 35.8789645847731],
            [-79.0422863264523, 35.8789418534834],
            [-79.0422429067695, 35.8789188318642],
            [-79.0421995878188, 35.878895670491],
            [-79.0421562954519, 35.8788724694352],
            [-79.0421129610552, 35.8788493251612],
            [-79.0420695104785, 35.8788263350362],
            [-79.0420258740017, 35.8788035973273],
            [-79.0419819807965, 35.8787812094005],
            [-79.0419377589268, 35.8787592677208],
            [-79.0418934804676, 35.8787370709727],
            [-79.0418493191029, 35.8787142522621],
            [-79.0418050768797, 35.8786913605566],
            [-79.0417605569518, 35.8786689457247],
            [-79.041715560257, 35.8786475576353],
            [-79.041669889947, 35.8786277461562],
            [-79.0416233469573, 35.8786100602546],
            [-79.041575734438, 35.8785950516001],
            [-79.0415267967155, 35.8785830258241],
            [-79.0414766233046, 35.8785736205664],
            [-79.0414255030091, 35.8785663634393],
            [-79.0413737213116, 35.8785607820566],
            [-79.0413215659101, 35.8785564031305],
            [-79.0412693233973, 35.8785527551767],
            [-79.041217282581, 35.8785493649079],
            [-79.0411656459302, 35.8785458437902],
            [-79.0411139850315, 35.8785425425791],
            [-79.0410622169204, 35.8785396514799],
            [-79.0410103726518, 35.8785372615145],
            [-79.0409584866021, 35.8785354628027],
            [-79.0409065876109, 35.8785343472686],
            [-79.0408547111617, 35.8785340050318],
            [-79.0408028883073, 35.8785345253118],
            [-79.0407511523166, 35.8785360000317],
            [-79.0406994931511, 35.8785382912938],
            [-79.0406478163715, 35.8785407979537],
            [-79.0405961197452, 35.8785434857624],
            [-79.0405444121366, 35.8785463646313],
            [-79.0404927001934, 35.8785494408673],
            [-79.040440989456, 35.8785527216791],
            [-79.0403892876811, 35.8785562160772],
            [-79.0403376026237, 35.8785599303684],
            [-79.0402859398246, 35.8785638726625],
            [-79.0402343081474, 35.8785680510687],
            [-79.0401827120251, 35.8785724727958],
            [-79.0401311603205, 35.8785771450515],
            [-79.0400796596821, 35.8785820759456],
            [-79.0400282156504, 35.8785872726869],
            [-79.0399768370886, 35.8785927433842],
            [-79.0399255306446, 35.8785984952459],
            [-79.0398743018589, 35.878604535481],
            [-79.0398231518566, 35.878610901043],
            [-79.0397720618513, 35.8786176757601],
            [-79.0397210296189, 35.8786248425083],
            [-79.0396700573635, 35.8786323805567],
            [-79.0396191428573, 35.8786402655706],
            [-79.0395682883039, 35.8786484750166],
            [-79.0395174925839, 35.8786569863622],
            [-79.039466756793, 35.8786657761731],
            [-79.0394160809191, 35.8786748210152],
            [-79.0393654660587, 35.8786840992566],
            [-79.0393149110927, 35.8786935874636],
            [-79.0392644171162, 35.8787032613006],
            [-79.0392139841188, 35.8787131000374],
            [-79.0391636131959, 35.8787230793383],
            [-79.0391133043364, 35.8787331766703],
            [-79.0390630564261, 35.8787433785145],
            [-79.0390128761711, 35.8787538119537],
            [-79.0389627646978, 35.8787645175469],
            [-79.0389127231096, 35.878775487182],
            [-79.0388627547235, 35.8787867109435],
            [-79.0388128606418, 35.8787981789167],
            [-79.0387630419668, 35.878809881187],
            [-79.0387133009092, 35.8788218096418],
            [-79.038663638571, 35.8788339534652],
            [-79.0386140571623, 35.8788463036434],
            [-79.038564557786, 35.8788588511632],
            [-79.0385151426517, 35.8788715852079],
            [-79.03846581397, 35.8788844976653],
            [-79.0384165717356, 35.8788975777198],
            [-79.0383674281425, 35.8789108506043],
            [-79.0383184608399, 35.878924582182],
            [-79.0382696798051, 35.8789387949827],
            [-79.038221076158, 35.8789534475491],
            [-79.0381726376949, 35.8789684966223],
            [-79.0381243577502, 35.8789838989413],
            [-79.0380762263359, 35.8789996121477],
            [-79.0380282323564, 35.8790155929822],
            [-79.0379803669315, 35.879031799086],
            [-79.0379326211804, 35.8790481862977],
            [-79.0378849928874, 35.8790647537167],
            [-79.0378374898363, 35.8790815689393],
            [-79.0377901031589, 35.8790986148434],
            [-79.0377428217682, 35.8791158661958],
            [-79.0376956356865, 35.8791333013681],
            [-79.0376485316117, 35.8791508942266],
            [-79.0376015006734, 35.8791686231426],
            [-79.0375545317851, 35.8791864628826],
            [-79.0375076127538, 35.8792043909179],
            [-79.0374607324932, 35.8792223829162],
            [-79.0374138821321, 35.879240414545],
            [-79.0373670494782, 35.8792584641766],
            [-79.0373202644584, 35.8792765858805],
            [-79.0372735824948, 35.8792948832909],
            [-79.037226985854, 35.8793133275713],
            [-79.0371804568016, 35.8793318871813],
            [-79.0371339776035, 35.8793505314816],
            [-79.0370875283105, 35.8793692289325],
            [-79.0370410922965, 35.8793879497956],
            [-79.0369946518274, 35.8794066625305],
            [-79.0369481880614, 35.8794253355969],
            [-79.0369016832649, 35.8794439383553],
            [-79.0368551185966, 35.879462440167],
            [-79.0368084763222, 35.8794808085899],
            [-79.0367617464678, 35.8794990292059],
            [-79.0367150110554, 35.8795172507068],
            [-79.0366682844941, 35.8795354992264],
            [-79.036621553482, 35.8795537486306],
            [-79.0365748069327, 35.8795719727848],
            [-79.0365280293302, 35.8795901473579],
            [-79.0364812106949, 35.8796082453137],
            [-79.0364343355109, 35.8796262414199],
            [-79.0363873926919, 35.879644110443],
            [-79.0363403689361, 35.8796618253475],
            [-79.036293250943, 35.8796793618018],
            [-79.0362460265183, 35.8796966927702],
            [-79.0361986812535, 35.8797137930198],
            [-79.0361511985214, 35.8797306283057],
            [-79.0361035062807, 35.8797470760705],
            [-79.0360556089647, 35.8797631426218],
            [-79.0360075331758, 35.8797788775237],
            [-79.0359593088385, 35.8797943294381],
            [-79.0359109636621, 35.8798095470276],
            [-79.0358625264641, 35.879824580757],
            [-79.0358140249532, 35.8798394783877],
            [-79.0357654890539, 35.8798542894832],
            [-79.0357169464747, 35.8798690618047],
            [-79.0356684049741, 35.8798838088698],
            [-79.0356197858559, 35.8798983846887],
            [-79.0355710913376, 35.8799127946685],
            [-79.0355223325071, 35.879927067648],
            [-79.0354735248826, 35.8799412333659],
            [-79.0354246828755, 35.8799553233639],
            [-79.0353758186807, 35.879969365579],
            [-79.0353269467093, 35.8799833915532],
            [-79.0352780802638, 35.8799974301245],
            [-79.0352292337552, 35.8800115119334],
            [-79.0351744020188, 35.8800274179034],
            [-79.0351290224573, 35.8800478042568],
            [-79.0350834101703, 35.8800678941281],
            [-79.0350376504813, 35.8800877938476],
            [-79.0349918242842, 35.880107610648],
            [-79.0349460157938, 35.8801274490575],
            [-79.0349003081188, 35.8801474163086],
            [-79.0348547843669, 35.8801676187324],
            [-79.0348095287535, 35.8801881626602],
            [-79.0347646232787, 35.8802091544236],
            [-79.0347201532642, 35.8802306985511],
            [-79.0346761996031, 35.8802529031777],
            [-79.0346327811331, 35.8802757935353],
            [-79.0345896928599, 35.8802991209204],
            [-79.0345468926729, 35.8803228258584],
            [-79.0345043528687, 35.8803468723051],
            [-79.0344620501738, 35.8803712233134],
            [-79.0344199568855, 35.8803958437403],
            [-79.0343780497304, 35.8804206966386],
            [-79.0343363032201, 35.880445745062],
            [-79.0342946907594, 35.8804709538667],
            [-79.0342531879674, 35.8804962852048],
            [-79.0342117682492, 35.8805217048339],
            [-79.0341704083315, 35.8805471749054],
            [-79.0341290805112, 35.8805726593747],
            [-79.0340877615158, 35.8805981221957],
            [-79.0340464369453, 35.8806235579647],
            [-79.0340051356216, 35.8806490297655],
            [-79.0339638730565, 35.8806745538174],
            [-79.0339226614373, 35.8807001418342],
            [-79.0338815173818, 35.8807258064295],
            [-79.0338404552921, 35.8807515584154],
            [-79.0337994884638, 35.8807774113078],
            [-79.0337586312993, 35.8808033768199],
            [-79.0337178982006, 35.8808294657636],
            [-79.033677304678, 35.880855690753],
            [-79.0336368640267, 35.8808820644032],
            [-79.0335965906488, 35.8809085975259],
            [-79.0335564989473, 35.8809353036371],
            [-79.0335166044318, 35.8809621935485],
            [-79.0334769192901, 35.8809892798752],
            [-79.033437472329, 35.8810165914515],
            [-79.0333982591193, 35.8810441300816],
            [-79.0333592575015, 35.8810718732388],
            [-79.0333204431006, 35.8810997974959],
            [-79.0332817904341, 35.881127879426],
            [-79.0332432784499, 35.8811560965021],
            [-79.0332048816659, 35.8811844252971],
            [-79.033166576815, 35.8812128432846],
            [-79.0331283406293, 35.8812413261356],
            [-79.0330901487345, 35.8812698513241],
            [-79.033051976756, 35.8812983963237],
            [-79.0330138025337, 35.8813269368052],
            [-79.0329756005859, 35.8813554511439],
            [-79.0329373476447, 35.8813839141093],
            [-79.0328990215513, 35.881412304977],
            [-79.0328605890682, 35.8814405940129],
            [-79.0328219682175, 35.88146872716],
            [-79.0327831966684, 35.8814967377565],
            [-79.0327443431092, 35.8815246816654],
            [-79.0327054740135, 35.88155261475],
            [-79.0326666591779, 35.8815805937743],
            [-79.032627967291, 35.8816086755028],
            [-79.0325894648258, 35.8816369139964],
            [-79.0325512204713, 35.881665366921],
            [-79.0325133040237, 35.8816940901396],
            [-79.0324757830639, 35.8817231395158],
            [-79.0324387251726, 35.8817525700122],
            [-79.0324020361846, 35.8817823167595],
            [-79.0323654247342, 35.881812159014],
            [-79.0323289052204, 35.8818421003773],
            [-79.0322924975833, 35.881872152561],
            [-79.0322562261923, 35.8819023254733],
            [-79.0322201109869, 35.8819326299249],
            [-79.032184174122, 35.8819630767256],
            [-79.0321484388598, 35.8819936766855],
            [-79.0321129273553, 35.8820244415157],
            [-79.0320776595473, 35.882055379323],
            [-79.0320426586991, 35.8820865036213],
            [-79.0320079480727, 35.8821178243191],
            [-79.0319735476071, 35.8821493504246],
            [-79.0319394805659, 35.8821810954515],
            [-79.0319057679955, 35.8822130684077],
            [-79.0318723910665, 35.882245264792],
            [-79.0318391935953, 35.8822776269614],
            [-79.031806173365, 35.88231015041],
            [-79.0317733503122, 35.8823428378367],
            [-79.0317407410505, 35.88237569104],
            [-79.0317083633008, 35.8824087109166],
            [-79.0316762358922, 35.882441900166],
            [-79.0316443754387, 35.8824752614878],
            [-79.0316128007692, 35.8825087966801],
            [-79.0315815296049, 35.8825425075411],
            [-79.0315505796676, 35.8825763967703],
            [-79.0315199697858, 35.8826104652644],
            [-79.0314897165738, 35.8826447157234],
            [-79.0314598377532, 35.8826791508468],
            [-79.0314303521528, 35.8827137715315],
            [-79.031401278602, 35.8827485804767],
            [-79.0313727478167, 35.8827836470501],
            [-79.0313453524573, 35.8828193063879],
            [-79.0313190249538, 35.8828555296661],
            [-79.0312935913889, 35.8828922249963],
            [-79.031268877845, 35.8829293004897],
            [-79.0312447126195, 35.882966664257],
            [-79.031220920687, 35.8830042253107],
            [-79.0311973281298, 35.8830418926631],
            [-79.0311737621367, 35.8830795735233],
            [-79.0311500487894, 35.8831171769032],
            [-79.0311260141694, 35.8831546118147],
            [-79.0311014865724, 35.8831917854663],
            [-79.0310765324704, 35.8832287501167],
            [-79.0310513712047, 35.8832656336962],
            [-79.0310260515134, 35.8833024533172],
            [-79.0310006188128, 35.8833392278955],
            [-79.0309751218419, 35.8833759772477],
            [-79.0309496071249, 35.8834127202893],
            [-79.0309241234002, 35.8834494750343],
            [-79.0308987160841, 35.8834862594975],
            [-79.0308734339164, 35.8835230943966],
            [-79.030848324528, 35.8835599968447],
            [-79.0308234344435, 35.8835969866589],
            [-79.0307988112947, 35.8836340827549],
            [-79.0307745016052, 35.8836713022461],
            [-79.0307505552229, 35.8837086658503],
            [-79.030727017564, 35.8837461915823],
            [-79.0307039362609, 35.883783898358],
            [-79.0306814099006, 35.8838218258106],
            [-79.0306594706074, 35.8838599865507],
            [-79.0306380485957, 35.8838983526554],
            [-79.0306170785114, 35.8839368989046],
            [-79.0305964894609, 35.8839755964745],
            [-79.0305762160895, 35.8840144192436],
            [-79.0305561897185, 35.8840533383872],
            [-79.0305363427782, 35.8840923286857],
            [-79.0305166065898, 35.8841313613143],
            [-79.0304969135828, 35.884170410152],
            [-79.0304771961866, 35.8842094481762],
            [-79.0304573868296, 35.884248446562],
            [-79.030437416834, 35.8842873800897],
            [-79.0304172186282, 35.8843262208354],
            [-79.0303967113588, 35.8843649634114],
            [-79.0303759448742, 35.8844036321403],
            [-79.0303550133268, 35.8844422549393],
            [-79.0303340119764, 35.8844808588241],
            [-79.0303130349759, 35.884519472613],
            [-79.0302921764773, 35.8845581224208],
            [-79.0302715317408, 35.8845968352633],
            [-79.0302511949195, 35.8846356390578],
            [-79.0302312601662, 35.8846745608205],
            [-79.0302118227419, 35.8847136284686],
            [-79.0301929767999, 35.8847528690185],
            [-79.0301748153858, 35.8847923094866],
            [-79.0301573595486, 35.8848319615853],
            [-79.0301400731901, 35.884871718191],
            [-79.0301228798798, 35.8849115558888],
            [-79.0301058394273, 35.8849514773678],
            [-79.0300890094264, 35.8849914835152],
            [-79.0300724474717, 35.8850315779221],
            [-79.0300562111577, 35.885071762377],
            [-79.0300403591866, 35.8851120395696],
            [-79.0300249491533, 35.8851524121898],
            [-79.030010038652, 35.8851928811248],
            [-79.0299956863863, 35.8852334508669],
            [-79.0299819499501, 35.8852741214023],
            [-79.0299688880472, 35.8853148972232],
            [-79.0299565571647, 35.8853557792173],
            [-79.0299450160061, 35.8853967709757],
            [-79.0299343332435, 35.8854378769881],
            [-79.0299247658556, 35.8854791557771],
            [-79.0299162983416, 35.8855206163599],
            [-79.0299087977864, 35.8855622362364],
            [-79.0299021290601, 35.8856039947098],
            [-79.0298961570321, 35.8856458692806],
            [-79.0298907487874, 35.8856878401526],
            [-79.0298857680873, 35.8857298848264],
            [-79.0298810809081, 35.8857719817036],
            [-79.0298765532262, 35.8858141100868],
            [-79.0298720499099, 35.8858562483776],
            [-79.0298674369347, 35.8858983749774],
            [-79.0298625791686, 35.8859404691891],
            [-79.0298573414791, 35.8859825094143],
            [-79.029851590948, 35.8860244731528],
            [-79.029845192443, 35.8860663406086],
            [-79.0298382279285, 35.88610812438],
            [-79.0298311792285, 35.8861499018617],
            [-79.0298240651728, 35.8861916757533],
            [-79.0298168768995, 35.8862334433527],
            [-79.0298096077632, 35.8862752046616],
            [-79.0298022489021, 35.8863169569783],
            [-79.0297947925623, 35.886358698502],
            [-79.0297872298823, 35.8864004274322],
            [-79.0297795531083, 35.8864421419682],
            [-79.0297717555939, 35.886483840309],
            [-79.0297638284782, 35.8865255224566],
            [-79.0297557628988, 35.8865671839068],
            [-79.0297475511024, 35.8866088246613],
            [-79.0297391864425, 35.8866504429192],
            [-79.0297306600572, 35.8866920359785],
            [-79.0297219630856, 35.8867336038416],
            [-79.0297130888807, 35.8867751429045],
            [-79.0297040152894, 35.8868166504689],
            [-79.0296946359783, 35.8868581139422],
            [-79.0296849553775, 35.8868995333233],
            [-79.0296750100392, 35.8869409149123],
            [-79.029664836515, 35.8869822632069],
            [-79.0296544713574, 35.8870235845073],
            [-79.0296439522259, 35.8870648833109],
            [-79.0296333156731, 35.8871061659178],
            [-79.0296225982506, 35.8871474359246],
            [-79.0296118354035, 35.8871886996316],
            [-79.0296010658996, 35.8872299624374],
            [-79.0295903240761, 35.8872712297413],
            [-79.0295796487007, 35.8873125060408],
            [-79.0295690763261, 35.887353797636],
            [-79.0295586423974, 35.887395109025],
            [-79.0295483834677, 35.8874364465081],
            [-79.0295383383043, 35.8874778136811],
            [-79.0295285412458, 35.8875192177464],
            [-79.0295190299522, 35.8875606623001],
            [-79.0295098598073, 35.8876021572433],
            [-79.0295012202235, 35.88764373678],
            [-79.0294930835104, 35.8876853973118],
            [-79.0294853654858, 35.8877271244383],
            [-79.0294779797523, 35.8877689037593],
            [-79.0294708410199, 35.8878107208746],
            [-79.0294638662139, 35.8878525622846],
            [-79.0294569678286, 35.8878944126883],
            [-79.0294500605739, 35.8879362594878],
            [-79.0294430613738, 35.8879780864797],
            [-79.0294358838305, 35.8880198810664],
            [-79.0294284415451, 35.8880616279464],
            [-79.0294206514417, 35.8881033136202],
            [-79.0294124282291, 35.8881449236872],
            [-79.0294036844003, 35.8881864428463],
            [-79.0293991663361, 35.8882073606405],
            [-79.0293313761694, 35.8883836101317],
            [-79.0254855576818, 35.8883763182858],
            [-79.0241844564145, 35.8895110259234],
            [-79.0240734965798, 35.8910003689722],
            [-79.0261078496583, 35.8917651719087],
            [-79.0261360952713, 35.8920094917933],
            [-79.0258369590737, 35.892134786079],
            [-79.0258158638265, 35.8921421452256],
            [-79.0257680523413, 35.8921581066987],
            [-79.0257199947231, 35.8921733976312],
            [-79.0256716599439, 35.8921879720624],
            [-79.025622953842, 35.8922017939594],
            [-79.0255738952642, 35.8922149110873],
            [-79.0255245163507, 35.8922273775174],
            [-79.0254748492412, 35.8922392455186],
            [-79.0254249227533, 35.8922505700644],
            [-79.0253747712417, 35.8922614034231],
            [-79.0253244257389, 35.8922717996667],
            [-79.0252739161695, 35.8922818137685],
            [-79.0252232757802, 35.8922914970961],
            [-79.025172535603, 35.8923009037214],
            [-79.0251217266699, 35.8923100886178],
            [-79.0250708811197, 35.8923191040544],
            [-79.0250200310919, 35.8923280041031],
            [-79.0249692065096, 35.8923368410339],
            [-79.0249184395123, 35.8923456707212],
            [-79.0248677622383, 35.8923545445332],
            [-79.0248171281366, 35.892363367842],
            [-79.0247663521132, 35.8923717684447],
            [-79.0247154374876, 35.8923797319196],
            [-79.0246643997701, 35.8923872654739],
            [-79.0246132544703, 35.892394374512],
            [-79.0245620148835, 35.892401067143],
            [-79.0245106976268, 35.8924073478699],
            [-79.024459317103, 35.8924132248016],
            [-79.0244078877138, 35.8924187024416],
            [-79.0243564238623, 35.8924237898001],
            [-79.0243049421655, 35.8924284904789],
            [-79.0242534459412, 35.89243278555],
            [-79.0242018830848, 35.8924365236037],
            [-79.0241502536092, 35.8924397451989],
            [-79.0240985663985, 35.8924425224383],
            [-79.0240468303366, 35.8924449292277],
            [-79.0239950554156, 35.8924470403734],
            [-79.0239432516264, 35.8924489279782],
            [-79.0238914289605, 35.8924506668488],
            [-79.0238395963013, 35.8924523308907],
            [-79.0237877647469, 35.8924539922065],
            [-79.0237359420728, 35.8924557256032],
            [-79.023684139377, 35.8924576040846],
            [-79.02363236665, 35.8924597024577],
            [-79.0235806150129, 35.8924619612377],
            [-79.0235288622564, 35.8924641902527],
            [-79.0234771083827, 35.8924663958119],
            [-79.0234253522859, 35.8924685842248],
            [-79.0233735961847, 35.8924707672078],
            [-79.0233218411889, 35.8924729519713],
            [-79.0232700850859, 35.8924751484301],
            [-79.0232183323089, 35.8924773646951],
            [-79.0231665806452, 35.892479610681],
            [-79.0231148312046, 35.8924818935983],
            [-79.0230630850976, 35.8924842242624],
            [-79.0230113445743, 35.8924867243495],
            [-79.0229596096506, 35.8924894515434],
            [-79.0229078780899, 35.8924923319371],
            [-79.0228561487623, 35.8924952880185],
            [-79.0228044216468, 35.8924982458802],
            [-79.0227526933986, 35.8925011289116],
            [-79.0227009628897, 35.8925038632054],
            [-79.0226492300985, 35.8925063712492],
            [-79.0225974927895, 35.8925085791361],
            [-79.0225457487265, 35.8925104102553],
            [-79.0224939978896, 35.8925117906994],
            [-79.0224422335139, 35.8925122887427],
            [-79.022390448807, 35.8925113708118],
            [-79.022338650545, 35.8925094974741],
            [-79.0222868455116, 35.8925071608429],
            [-79.0222350393814, 35.8925048521306],
            [-79.022183237827, 35.8925030616478],
            [-79.022131448741, 35.8925022995342],
            [-79.0220796790498, 35.8925035986881],
            [-79.021977902657, 35.8925087680465],
            [-79.0219273207074, 35.8933925958644],
            [-79.0219250044657, 35.8934330749449],
            [-79.0219223640997, 35.8934792106947],
            [-79.0211735990521, 35.8932428378079],
            [-79.020045535755, 35.8932773907754],
            [-79.0193078820643, 35.8934655353224],
            [-79.0186237512989, 35.8933506167002],
            [-79.0185662266741, 35.8933328426526],
            [-79.0178378864037, 35.8931077963506],
            [-79.0165337985121, 35.8929466088845],
            [-79.0162349789206, 35.892815133671],
            [-79.0159526273276, 35.8927195402707],
            [-79.0156010300129, 35.8924544901202],
            [-79.0148219493403, 35.8922885697981],
            [-79.0145923681501, 35.8922734924433],
            [-79.0141500418514, 35.8919931699002],
            [-79.0135220076682, 35.8915772266556],
            [-79.0127948213972, 35.8912533241366],
            [-79.0121435973844, 35.8908911193857],
            [-79.0118498596997, 35.8907726819853],
            [-79.0116678013436, 35.8906207640198],
            [-79.01156297723, 35.8905324087299],
            [-79.0120766221123, 35.8875392017168],
            [-79.0103585129966, 35.8875451317191],
            [-79.0078999215608, 35.8875823695114],
            [-79.0037200929418, 35.8876454305274],
            [-79.002807265121, 35.8876592729494],
            [-79.0029255986746, 35.8904085077034],
            [-79.0029518959634, 35.8910691911281],
            [-79.0030102282193, 35.8924445808914],
            [-79.0030454825758, 35.8932567077533],
            [-79.0030526933382, 35.8934563753363],
            [-79.003279185076, 35.8935747346831],
            [-79.0035318691939, 35.8937066323024],
            [-79.0036202190039, 35.8937566532253],
            [-79.0037073450378, 35.8938089391083],
            [-79.0037862465901, 35.8938602959349],
            [-79.0038505818412, 35.8939042462189],
            [-79.0039252345705, 35.8939570839373],
            [-79.0039888624007, 35.8940058417478],
            [-79.0039634740429, 35.8940242454872],
            [-79.0039826898066, 35.8940391966636],
            [-79.0040830492359, 35.894121891979],
            [-79.0041704409291, 35.8942000450604],
            [-79.00424741035, 35.894274535524],
            [-79.0045876577391, 35.8946376467118],
            [-79.0046067984451, 35.8946138388397],
            [-79.0050614153441, 35.8950986830456],
            [-79.0056237065447, 35.8957223976518],
            [-79.0060378734305, 35.8961814219288],
            [-79.0060270946242, 35.8962160939598],
            [-79.0061148929414, 35.8963138381913],
            [-79.0073505890853, 35.8976879517108],
            [-79.007450515643, 35.8978069452142],
            [-79.0074902707651, 35.8978615196218],
            [-79.0074928210948, 35.8978649228003],
            [-79.0074954423472, 35.8978686188992],
            [-79.0074983250196, 35.89787224468],
            [-79.007501774992, 35.8978773503719],
            [-79.0075035941472, 35.8978800226352],
            [-79.007505911811, 35.8978829751743],
            [-79.0075068579407, 35.8978842738994],
            [-79.0075114113649, 35.8978909162515],
            [-79.0071210346593, 35.8979084673827],
            [-79.0068709141939, 35.8979389477061],
            [-79.0048862760857, 35.898070469231],
            [-79.0043136057562, 35.8981084016008],
            [-79.0020511579657, 35.8986205092698],
            [-79.0015626594729, 35.8987310906212],
            [-79.0013596351942, 35.8987838113848],
            [-79.0007974607036, 35.8989295828845],
            [-79.0007854095419, 35.8991655936993],
            [-79.0007690499808, 35.8994912989335],
            [-79.0007627579322, 35.8996118189646],
            [-79.0007513478493, 35.899835577355],
            [-79.0007429082096, 35.9000019477353],
            [-79.0007401819951, 35.9000021784863],
            [-79.0007397964922, 35.9000022109357],
            [-79.000739650267, 35.9000022235548],
            [-79.0007266328963, 35.9000032114649],
            [-79.0007057668089, 35.9001099947482],
            [-79.0006492806593, 35.9003991358929],
            [-79.0006430352894, 35.9004311683464],
            [-79.0006510035003, 35.9004305094492],
            [-79.0006583316437, 35.900593059967],
            [-79.0007069917926, 35.9005912147205],
            [-79.0007083676499, 35.9005911669433],
            [-79.0007101267975, 35.9005911092495],
            [-79.0006982103217, 35.9008317355],
            [-79.000690040765, 35.9009978579555],
            [-79.0006866304959, 35.901067099001],
            [-79.0006881172848, 35.9012137865286],
            [-79.0006841004607, 35.9012140524365],
            [-79.0006839675266, 35.9012140614503],
            [-79.0006837526166, 35.9012140767738],
            [-79.0006820244739, 35.9012142011636],
            [-79.0005892863482, 35.9012208749168],
            [-79.0006817731763, 35.9016269911156],
            [-79.0006927469415, 35.9016265791569],
            [-79.0006949772449, 35.9017923436865],
            [-79.0007004167287, 35.9022003556981],
            [-79.000709302687, 35.9028649269089],
            [-79.0007076532357, 35.9037562961211],
            [-79.0004875677116, 35.9038399590388],
            [-79.0000242207949, 35.9041428931226],
            [-78.9998641034243, 35.9042367630556],
            [-79.0002634946416, 35.9042488772804],
            [-79.001220856646, 35.9049653916069],
            [-79.0024498858866, 35.9053113623039],
            [-79.0048091574235, 35.9059759914877],
            [-79.0034606106033, 35.9071369051957],
            [-79.0033573844836, 35.90722578566],
            [-79.003325000467, 35.9072536719884],
            [-79.0024717766604, 35.9091044669029],
            [-79.0018531822025, 35.9111144221999],
            [-79.0007999671821, 35.9120634069079],
            [-79.0005588735475, 35.9122806103818],
            [-79.0006895299291, 35.9123722009437],
            [-79.0016317268208, 35.9130390131075],
            [-79.0020110412634, 35.9133074620234],
            [-79.0023131909913, 35.9135213788575],
            [-79.0016250695963, 35.9144902631108],
            [-79.0013966612297, 35.9148129787247],
            [-79.0013786490974, 35.9148218765771],
            [-79.0013613219285, 35.914845066355],
            [-78.9994861124844, 35.9150085662517],
            [-78.9995459401035, 35.9157345330592],
            [-78.9995905198863, 35.9187937312156],
            [-78.999523582947, 35.9187944294811],
            [-78.9995252709291, 35.9189051947563],
            [-78.999586058357, 35.9189148109467],
            [-78.9995890932401, 35.918915502254],
            [-78.9995922876805, 35.9189159736446],
            [-78.9996084784857, 35.9199990963577],
            [-78.999616632305, 35.9205234751774],
            [-78.9996254521578, 35.9210509678857],
            [-78.9993453113463, 35.92115454222],
            [-78.9994669866531, 35.9214054266614],
            [-78.9995603659628, 35.9216747244006],
            [-78.999594321836, 35.9218312387068],
            [-78.9996311064386, 35.9220545023043],
            [-78.9996565692321, 35.9232582842254],
            [-78.9996593957785, 35.9240937950868],
            [-78.9996622222623, 35.9246922327565],
            [-78.9996638848197, 35.9253987593381],
            [-78.9996644526444, 35.9255532652206],
            [-78.9996650481288, 35.9257187840515],
            [-78.9996763667551, 35.9259259347421],
            [-78.999684855678, 35.9260318129038],
            [-78.9997074941399, 35.9261791201406],
            [-78.9997273036619, 35.9263172215058],
            [-78.9997612607368, 35.9264622268277],
            [-78.9998320076545, 35.9267476363005],
            [-78.999839720163, 35.9268033274764],
            [-78.9998796715013, 35.9269883647688],
            [-78.9999118550004, 35.9271327841677],
            [-78.9999367126158, 35.9273713918085],
            [-78.9999480321664, 35.927585448085],
            [-79.0011309391934, 35.9275624255146],
            [-79.0014648699837, 35.9275555171219],
            [-79.001454086997, 35.9283141740862],
            [-79.0014524602745, 35.9285015861655],
            [-79.0014446614834, 35.9290823980824],
            [-79.001434811752, 35.9297481678987],
            [-79.0014186009311, 35.9303540933594],
            [-79.0014206540388, 35.9305225041277],
            [-79.001365299096, 35.930527507855],
            [-79.0013058439094, 35.9305358454956],
            [-79.0012648399958, 35.9305425155192],
            [-79.0012176856379, 35.9305491855907],
            [-79.0011828321483, 35.9305558555252],
            [-79.0011336276765, 35.9305658612809],
            [-79.0010823730909, 35.9305792009293],
            [-79.0010413703096, 35.9305908730712],
            [-79.0009983162612, 35.9306025452161],
            [-79.000949111797, 35.9306175530906],
            [-79.0009040075917, 35.9306308926159],
            [-79.0008322504567, 35.9306559049949],
            [-79.0007686949821, 35.9306809163788],
            [-79.0006559349136, 35.9307242711819],
            [-79.0005575257723, 35.9307659575162],
            [-79.0004652670154, 35.9308126459401],
            [-79.0003689078673, 35.9308643364988],
            [-79.0002951002842, 35.930911024735],
            [-79.0002294943296, 35.9309510433202],
            [-79.0001577367439, 35.9309977314679],
            [-79.0000891651317, 35.93104412034],
            [-79.0000133192526, 35.9310881820277],
            [-78.9999374721802, 35.9311351809911],
            [-78.9998724609587, 35.9311807108058],
            [-78.999794809559, 35.9312335843236],
            [-78.9997297981681, 35.9312820522851],
            [-78.9996575622964, 35.9313452059059],
            [-78.9996033866912, 35.9313951420389],
            [-78.9995600448226, 35.931436266217],
            [-78.9995185092142, 35.9314876705661],
            [-78.999480586296, 35.9315376067047],
            [-78.9994300208063, 35.9316110422569],
            [-78.9993817802536, 35.9316818469155],
            [-78.9993232586624, 35.9317706287412],
            [-78.9992658617955, 35.9318566651958],
            [-78.9992129674564, 35.9319417868347],
            [-78.9991571041171, 35.9320270481285],
            [-78.9991083388259, 35.9321040337497],
            [-78.9990581394323, 35.9321798530616],
            [-78.9990079409954, 35.9322603383579],
            [-78.9989620435772, 35.9323291581998],
            [-78.998931923607, 35.9324049776223],
            [-78.9988917163462, 35.9325008696955],
            [-78.9988122755561, 35.932624313077],
            [-78.9987753935002, 35.9326669989651],
            [-78.998721487707, 35.9327339114845],
            [-78.9986732560513, 35.932791595677],
            [-78.9986306981905, 35.93286196925],
            [-78.9985739545757, 35.9329588785781],
            [-78.9985266737695, 35.9330644205969],
            [-78.9985045315022, 35.9331244456911],
            [-78.9984750068748, 35.9332084811929],
            [-78.9984479425213, 35.9332885149655],
            [-78.998427029078, 35.9333525418068],
            [-78.9984159583673, 35.9333855561058],
            [-78.9983975047203, 35.9334705921612],
            [-78.9983916824478, 35.9335085744641],
            [-78.9983767105979, 35.9336037636474],
            [-78.998371264531, 35.9336701746016],
            [-78.9983671800458, 35.9337576163904],
            [-78.9983630957535, 35.9338350961626],
            [-78.9983630938927, 35.9339269651617],
            [-78.9983617311198, 35.9340188341392],
            [-78.9983613098728, 35.9341339583376],
            [-78.9983599201808, 35.9342413908676],
            [-78.9983590840778, 35.93432019377],
            [-78.9983575303914, 35.9343715585421],
            [-78.9983548388013, 35.9344645550062],
            [-78.9983494555086, 35.9345466115148],
            [-78.9983427269326, 35.9346221029713],
            [-78.9983346542246, 35.9346888419342],
            [-78.9983238902994, 35.9347741799752],
            [-78.9983104355299, 35.9348595188767],
            [-78.9982983264437, 35.9349306335607],
            [-78.9982848721088, 35.934992996652],
            [-78.998264690072, 35.9350838045025],
            [-78.9982458546804, 35.9351669549672],
            [-78.9982211763967, 35.9352569840214],
            [-78.9982004405057, 35.9353293937194],
            [-78.998169946068, 35.9354166809341],
            [-78.998146770844, 35.9354880982569],
            [-78.9981216661913, 35.9355558355586],
            [-78.9980916129407, 35.9356316249404],
            [-78.9980539237117, 35.9357084975472],
            [-78.9980223567894, 35.9357707909018],
            [-78.9979918626087, 35.9358332807467],
            [-78.9979528309991, 35.93591362508],
            [-78.9979077003679, 35.9360009128653],
            [-78.9978735473756, 35.9360733213557],
            [-78.9978570799676, 35.9361049817324],
            [-78.9978210974069, 35.9361675525467],
            [-78.9977912981135, 35.9362186752221],
            [-78.9977759035735, 35.9362456398627],
            [-78.9977515416375, 35.9362873242729],
            [-78.9976987457215, 35.9363775725787],
            [-78.9976635709365, 35.9364369410574],
            [-78.9976283948964, 35.9364995469732],
            [-78.9975917846367, 35.9365643123496],
            [-78.9975478727707, 35.9366377128656],
            [-78.9975064013, 35.9367091296655],
            [-78.9974673692503, 35.9367745952555],
            [-78.9974283359027, 35.9368440274264],
            [-78.9973905228581, 35.9369085015908],
            [-78.9973405125976, 35.9369908292088],
            [-78.9973197766232, 35.9370285208681],
            [-78.9971636454693, 35.9372973255401],
            [-78.9971331503993, 35.9373498954948],
            [-78.9970941177371, 35.9374153609497],
            [-78.9970656396731, 35.9374673054353],
            [-78.9970372415141, 35.937515288729],
            [-78.9969857196435, 35.9376052086448],
            [-78.9969515191418, 35.9376631943304],
            [-78.9969129469984, 35.9377346578408],
            [-78.9968798090882, 35.9377964758311],
            [-78.9968434225514, 35.9378630498537],
            [-78.9968200303789, 35.937907960709],
            [-78.9967995790418, 35.9379384410241],
            [-78.9967882157198, 35.9379673515212],
            [-78.9967667744001, 35.9380041597864],
            [-78.9967453316402, 35.9380487182709],
            [-78.9967215071405, 35.9380932757857],
            [-78.9967000654403, 35.9381378333594],
            [-78.9966762407298, 35.9381862664261],
            [-78.9966571806201, 35.9382327609353],
            [-78.9966333555328, 35.9382889433134],
            [-78.9966238249703, 35.9383238149971],
            [-78.9966095293552, 35.9383703105295],
            [-78.9965976172106, 35.938401306582],
            [-78.9965928512622, 35.9384342415148],
            [-78.996583320829, 35.938465238533],
            [-78.9965761718702, 35.9385020471568],
            [-78.9965690240956, 35.9385369189002],
            [-78.9965642580451, 35.9385717907098],
            [-78.996554725684, 35.9386473458668],
            [-78.9965475766133, 35.9386860922672],
            [-78.9965475740461, 35.9387461490489],
            [-78.9965451896587, 35.9388081435425],
            [-78.9965451876699, 35.9388546394624],
            [-78.9965499486145, 35.9389398821146],
            [-78.9965523269651, 35.9390193122565],
            [-78.9965594698735, 35.9391258651474],
            [-78.9965642299427, 35.9392324179665],
            [-78.9965666082337, 35.9393137858797],
            [-78.9965737524198, 35.9393912792649],
            [-78.9965761316284, 35.9394513360975],
            [-78.9965761284254, 35.9395268914978],
            [-78.9965689787494, 35.9396043844756],
            [-78.9965618258071, 35.9397322480138],
            [-78.9965546764298, 35.9398019907663],
            [-78.9965475267599, 35.9398523611254],
            [-78.9965451434172, 35.9398891707641],
            [-78.9965356116305, 35.9399472894689],
            [-78.9965618093954, 35.9401177751718],
            [-78.9965546609756, 35.9401642708673],
            [-78.9965427457783, 35.9402340134732],
            [-78.9965260665807, 35.9403134439372],
            [-78.9965093863258, 35.9403909357158],
            [-78.996495089606, 35.940452929829],
            [-78.9964873810449, 35.9404824451431],
            [-78.9964751176127, 35.9405294535159],
            [-78.9964602247207, 35.9405878577557],
            [-78.9964450524915, 35.940646661257],
            [-78.9964224876674, 35.9407312982908],
            [-78.9964039199769, 35.9408035706017],
            [-78.9963841672053, 35.9408813029035],
            [-78.9963619759151, 35.940962475361],
            [-78.9963330144684, 35.9410774397711],
            [-78.9963116312844, 35.9411534189901],
            [-78.9962997525641, 35.9411933413832],
            [-78.9962831215169, 35.9412525792298],
            [-78.9962672831426, 35.9413066671117],
            [-78.9962435243432, 35.941389729497],
            [-78.9962256050252, 35.941455431361],
            [-78.9962071757617, 35.9415228564759],
            [-78.9961887479292, 35.9415827900441],
            [-78.9961353034684, 35.9417760768191],
            [-78.9960652743391, 35.9420203067652],
            [-78.9959805010016, 35.9423199755455],
            [-78.9959528573086, 35.9424158694103],
            [-78.9959198213254, 35.9425356049645],
            [-78.995878951514, 35.9426749063886],
            [-78.995839654252, 35.9428154858774],
            [-78.9957925243832, 35.9429717547661],
            [-78.9957796232951, 35.9430316884301],
            [-78.9957611936924, 35.9430916218996],
            [-78.9957390791625, 35.9431650403651],
            [-78.9957280210507, 35.9432069942128],
            [-78.9957040626158, 35.9432923997854],
            [-78.9956764181812, 35.9433897914993],
            [-78.9956487747075, 35.9434886820516],
            [-78.9956321871688, 35.9435456196633],
            [-78.9956211298953, 35.9435905693889],
            [-78.995602699721, 35.9436564964115],
            [-78.9955824269996, 35.9437299148993],
            [-78.9955075612301, 35.9439880556058],
            [-78.9955142327037, 35.9440445677331],
            [-78.9955216003043, 35.9441000073475],
            [-78.9955289687446, 35.9441404629889],
            [-78.995549233277, 35.9442183776758],
            [-78.9956109956352, 35.944394542735],
            [-78.9956807961494, 35.9445307826302],
            [-78.9957459456113, 35.9446348543273],
            [-78.995797134926, 35.9447010829871],
            [-78.9959460535129, 35.9448373254121],
            [-78.9959576809171, 35.9449830240354],
            [-78.9960205040487, 35.9450757428271],
            [-78.9960600580193, 35.9451646763133],
            [-78.9961345002836, 35.9453808371468],
            [-78.9956606762643, 35.9455731188892],
            [-78.9957552667067, 35.9460338432206],
            [-78.9959496546002, 35.946296829361],
            [-78.9960349725908, 35.9464144307768],
            [-78.9962195379355, 35.9466655596517],
            [-78.9966040687348, 35.9472547247566],
            [-78.9969252918841, 35.9477290823891],
            [-78.9971634662056, 35.9480832177026],
            [-78.997173570117, 35.9480979396104],
            [-78.9973617710214, 35.9483067934732],
            [-78.9976576315644, 35.9486360371505],
            [-78.9977438140202, 35.9486972814261],
            [-78.9978919170986, 35.9488056290367],
            [-78.9980692517432, 35.9489385190522],
            [-78.9982724153843, 35.9490940928336],
            [-78.9988130849194, 35.9494327841465],
            [-78.9995906971935, 35.9499547972413],
            [-78.9997854337867, 35.9498862609753],
            [-79.0000145952644, 35.9500040011184],
            [-79.0009117734059, 35.9510704447005],
            [-79.0009923240857, 35.9511992247684],
            [-79.0015619190489, 35.9522117330986],
            [-79.0016573696914, 35.9523814445068],
            [-79.0023861068733, 35.9530284639035],
            [-79.0030325518874, 35.9536857997136],
            [-79.0032711451577, 35.9539280904664],
            [-79.0034125005842, 35.9540759537312],
            [-79.0034980342649, 35.9541513485661],
            [-79.0041336824197, 35.954610302403],
            [-79.0043668755491, 35.9547720691529],
            [-79.0047711379421, 35.9550487556933],
            [-79.0049827226413, 35.9551702615595],
            [-79.0053527751506, 35.9554081506956],
            [-79.0057534400876, 35.9556511619707],
            [-79.0062378434761, 35.9559454076544],
            [-79.0066151064361, 35.956195736601],
            [-79.0070851143803, 35.9565317056378],
            [-79.0076298596395, 35.9569211036869],
            [-79.0078432509612, 35.9570016120564],
            [-79.0082259129204, 35.9571362779177],
            [-79.0085291798626, 35.9573076070941],
            [-79.0088940648072, 35.9575073621292],
            [-79.0093483111177, 35.9577615938421],
            [-79.009832346298, 35.9580158223464],
            [-79.0101600049288, 35.9582034677505],
            [-79.0107780950773, 35.9585848140163],
            [-79.0111206513662, 35.9587845633688],
            [-79.0115376813915, 35.9590387910994],
            [-79.012386628867, 35.9594685385861],
            [-79.0128730987063, 35.9596971364664],
            [-79.0139979819444, 35.960296895178],
            [-79.014698796848, 35.9608063908512],
            [-79.0152973539211, 35.9610485685173],
            [-79.0153180518826, 35.9610559483537],
            [-79.0153362155096, 35.9610629860163],
            [-79.0153543791723, 35.9610701940191],
            [-79.0153725429037, 35.9610777463104],
            [-79.0153902843251, 35.9610856420421],
            [-79.0154080257827, 35.9610937090154],
            [-79.0154253449304, 35.9611021194294],
            [-79.0154426641474, 35.9611108732306],
            [-79.0166300921762, 35.9616786632964],
            [-79.0172176542885, 35.9619687209655],
            [-79.0177352050531, 35.9622210752861],
            [-79.0182379719604, 35.9624674189271],
            [-79.0186372289881, 35.9626596847884],
            [-79.0188294653217, 35.9627558179139],
            [-79.0191695929988, 35.9629901631053],
            [-79.0195762661647, 35.9632605570892],
            [-79.0199623077879, 35.9635164423794],
            [-79.0201786096419, 35.9636656064209],
            [-79.0213057666595, 35.9644587960314],
            [-79.0226122813123, 35.9646001880152],
            [-79.0235353820556, 35.9651458151978],
            [-79.0237001467812, 35.9652433031918],
            [-79.0239756015216, 35.9654060114399],
            [-79.0242489447415, 35.9655666591404],
            [-79.0245184868462, 35.965725417891],
            [-79.0246659320825, 35.9658120917269],
            [-79.0247770552552, 35.9659094178236],
            [-79.0250195823899, 35.9661222651769],
            [-79.0250529880585, 35.966151375208],
            [-79.0250791584271, 35.96617658686],
            [-79.0251289609152, 35.9662217264412],
            [-79.0252824832735, 35.9662942580219],
            [-79.0255636166318, 35.9664249388312],
            [-79.0260416853564, 35.9666533096593],
            [-79.0265551165039, 35.9668963636384],
            [-79.0270016151815, 35.9670943850002],
            [-79.0276107527606, 35.9673652377262],
            [-79.0279750424205, 35.967521642869],
            [-79.0286634196282, 35.9677581674716],
            [-79.0293740450552, 35.9680960537653],
            [-79.0296647009792, 35.9681883497172],
            [-79.0312649545085, 35.9685438473928],
            [-79.0335283832747, 35.9688076202713],
            [-79.0337207390861, 35.9688335675184],
            [-79.0344705073452, 35.9691038593443],
            [-79.0351848586078, 35.9691870882691],
            [-79.0355097618778, 35.9693236575544],
            [-79.0370672754938, 35.969412966085],
            [-79.0387788816143, 35.9693061291142],
            [-79.0413672725757, 35.9688917998932],
            [-79.041976726808, 35.9687040916756],
            [-79.0425523960965, 35.968537855338],
            [-79.042783834702, 35.9684502066924],
            [-79.0431347790096, 35.9682917755268],
            [-79.0434308199882, 35.9681579165444],
            [-79.0444300220582, 35.9677324261912],
            [-79.0455373530215, 35.9673125509794],
            [-79.0476318024913, 35.9668198150678],
            [-79.048032653856, 35.9667949277213],
            [-79.0504239564983, 35.9668646639822],
            [-79.0515535027568, 35.9668985132128],
            [-79.0527689038452, 35.967092504597],
            [-79.0534652063672, 35.9673475002375],
            [-79.0541957122105, 35.9675762069964],
            [-79.0550018248972, 35.9677926845746],
            [-79.0555642037589, 35.9680025750329],
            [-79.0558574297653, 35.9681018474108],
            [-79.0562393849446, 35.9682312955768],
            [-79.0573539898364, 35.9686084869674],
            [-79.0577660171512, 35.9688419630428],
            [-79.0579244547813, 35.96888412212],
            [-79.0585573670869, 35.9690580797473],
            [-79.0588738014556, 35.9691130365523],
            [-79.0592586773422, 35.9691815227516],
            [-79.0595206116797, 35.9692248299942],
            [-79.06037990637, 35.9693423482313],
            [-79.0610309330578, 35.9694386781827],
            [-79.0611609711376, 35.9693458548789],
            [-79.0624220697527, 35.9695631190335],
            [-79.0630377714416, 35.969857077025],
            [-79.0632736872919, 35.9701127760269],
            [-79.0641924796829, 35.9711882909085],
            [-79.0646020912672, 35.9715290534456],
            [-79.0650319401712, 35.9718177799811],
            [-79.0651959363896, 35.9719294632424],
            [-79.0654714885446, 35.9720809177826],
            [-79.0656608283631, 35.9721893232766],
            [-79.0658222903213, 35.9722994622469],
            [-79.0660395332439, 35.9724324039244],
            [-79.0661921138806, 35.9725303564589],
            [-79.0663873834128, 35.9726538675856],
            [-79.0665509556926, 35.9727607417861],
            [-79.0666845163705, 35.9728435949688],
            [-79.0668265402461, 35.9729448151002],
            [-79.066947010102, 35.9730328259783],
            [-79.0670729797048, 35.9731314787528],
            [-79.0672133287847, 35.9732481518182],
            [-79.0673283184205, 35.9733502748909],
            [-79.0673490303924, 35.9733649534598],
            [-79.0673693199587, 35.9733796683095],
            [-79.0673896095722, 35.9733944309236],
            [-79.0674098993792, 35.9734094161507],
            [-79.0674301903462, 35.973424453648],
            [-79.0674504802542, 35.9734395416143],
            [-79.0674703477585, 35.9734546685655],
            [-79.0674906379001, 35.9734700178965],
            [-79.0675105057716, 35.9734855657393],
            [-79.0675303735278, 35.9735009666701],
            [-79.0675502414508, 35.9735165577678],
            [-79.0675701093875, 35.9735321560724],
            [-79.0675899773304, 35.9735477525712],
            [-79.0676094229644, 35.973563501617],
            [-79.0676292910404, 35.973579238709],
            [-79.0676487367947, 35.9735951130265],
            [-79.0676681823813, 35.9736107782435],
            [-79.0676876291946, 35.9736265750438],
            [-79.0677070750148, 35.9736425007247],
            [-79.0677265206574, 35.9736582055885],
            [-79.0677455439657, 35.9736740332577],
            [-79.0677649896931, 35.9736898210331],
            [-79.0677840130951, 35.9737057424294],
            [-79.067803036482, 35.9737216367841],
            [-79.0678220598316, 35.9737374779603],
            [-79.0679892955123, 35.9738657896438],
            [-79.0680376122964, 35.9739084573395],
            [-79.0680798165121, 35.9739473042859],
            [-79.0681797168107, 35.9740523316599],
            [-79.0681970512037, 35.9740689767603],
            [-79.0682148080499, 35.9740856207209],
            [-79.068232142602, 35.9741024370595],
            [-79.0682498996077, 35.9741192522582],
            [-79.0682672341743, 35.9741360685916],
            [-79.0682845688931, 35.9741530561658],
            [-79.0683014810269, 35.9741698727304],
            [-79.0683188157601, 35.9741868602995],
            [-79.0683357280531, 35.9742038481025],
            [-79.0683530629467, 35.9742210078112],
            [-79.0683949227535, 35.9742639069979],
            [-79.0684118352246, 35.9742810669345],
            [-79.0684287478482, 35.974298398112],
            [-79.0684452380309, 35.9743157295237],
            [-79.0684617282215, 35.9743330618345],
            [-79.0684782185636, 35.974350564485],
            [-79.0684947089137, 35.9743680680344],
            [-79.068511199271, 35.9743855715814],
            [-79.0685276896354, 35.9744030751262],
            [-79.0685437575575, 35.9744205780043],
            [-79.0685602480824, 35.9744382536891],
            [-79.0685763161649, 35.9744559287074],
            [-79.0685919618055, 35.9744736039608],
            [-79.0686236769579, 35.9745092985124],
            [-79.068647356896, 35.9745360685789],
            [-79.0686630027142, 35.9745539159673],
            [-79.068678648685, 35.9745719345968],
            [-79.0686942946628, 35.9745899532243],
            [-79.0691433796867, 35.9751047756549],
            [-79.069692992396, 35.9755924095519],
            [-79.0698059203234, 35.9757454943047],
            [-79.0698913530906, 35.9758558433295],
            [-79.0701296761106, 35.9764056393518],
            [-79.0705040818382, 35.9770075485559],
            [-79.0704845165411, 35.9773387578435],
            [-79.0713751595397, 35.9783889943794],
            [-79.0721892187728, 35.9797536418974],
            [-79.0725347339243, 35.9796747960421],
            [-79.0726161780034, 35.9797466859693],
            [-79.0726821032567, 35.9797393283649],
            [-79.072767605462, 35.97974179833],
            [-79.0728684485902, 35.979719490121],
            [-79.0730343465962, 35.979655755288],
            [-79.0731262504826, 35.9796010530151],
            [-79.0732318549879, 35.9795875219188],
            [-79.0733427873954, 35.9795640806671],
            [-79.0734937745323, 35.9794828089502],
            [-79.0735921527541, 35.9795000741059],
            [-79.0736386562487, 35.9793933138453],
            [-79.0737049973068, 35.9793414421387],
            [-79.0738675759708, 35.979285960283],
            [-79.0740178184399, 35.9793091007039],
            [-79.0741612565391, 35.9793196244534],
            [-79.074287765137, 35.9793126185306],
            [-79.0744100544672, 35.9792743018893],
            [-79.0745684291646, 35.979306757712],
            [-79.0747261776967, 35.979463958919],
            [-79.0749139637952, 35.9795770995668],
            [-79.0749238265342, 35.9796529028408],
            [-79.0749256150879, 35.9797292815753],
            [-79.0751266322524, 35.9798022635705],
            [-79.0753899226614, 35.9798184388219],
            [-79.075571780565, 35.9797211270429],
            [-79.0758075603576, 35.9796362786733],
            [-79.0759460359031, 35.9796266625127],
            [-79.0761370936962, 35.9796089091208],
            [-79.0762065814269, 35.9786166938241],
            [-79.0762778402137, 35.9768922966683],
            [-79.0763194853814, 35.9761912329668],
            [-79.0763526157749, 35.9755445558745],
            [-79.0763524753791, 35.9753961861864],
            [-79.0771635008934, 35.9753906986646],
            [-79.0794583245427, 35.9754417303633],
            [-79.0817666601693, 35.9754844685828],
            [-79.084048805172, 35.9755263231814],
            [-79.0842258184422, 35.9755298045508],
            [-79.0845498481829, 35.9755364430016],
            [-79.0845968349978, 35.9696055681001],
            [-79.0845709752747, 35.967911989828],
            [-79.0845741366501, 35.9677050952601],
            [-79.0845301155954, 35.9648069173704],
            [-79.0847772236467, 35.9648115490051],
            [-79.0850302344496, 35.9648058752462],
            [-79.0858437556577, 35.9647874362677],
            [-79.0860507260097, 35.9647828238223],
            [-79.0866475617075, 35.9647693430541],
            [-79.0873242272796, 35.9647539132125],
            [-79.0878488341865, 35.9647420248092],
            [-79.0881254982759, 35.9647358120823],
            [-79.0883683712442, 35.9647303099665],
            [-79.0887350037284, 35.9647219685768],
            [-79.0887364591468, 35.9641268725252],
            [-79.0887333943588, 35.9640215704116],
            [-79.0883273756286, 35.9637328469876],
            [-79.0881975987964, 35.9636241340438],
            [-79.0880816948879, 35.9635054111918],
            [-79.0879965947913, 35.9633998653522],
            [-79.0879363182141, 35.9632931235949],
            [-79.087895994326, 35.9631959246723],
            [-79.0878198038311, 35.9629274180817],
            [-79.0877616119447, 35.9626961909718],
            [-79.0877080687025, 35.9625066431303],
            [-79.0876063562188, 35.9622304739099],
            [-79.0875267095288, 35.9620639202568],
            [-79.0874345342607, 35.961914377368],
            [-79.0873056930518, 35.9617556882376],
            [-79.0871246774289, 35.9615813781616],
            [-79.0868747036463, 35.9613823450442],
            [-79.0861822619467, 35.9608164594837],
            [-79.0857513036497, 35.9604627782423],
            [-79.0842599197957, 35.9592288017161],
            [-79.0838434929786, 35.9588751026078],
            [-79.0834284651644, 35.9585135679934],
            [-79.0830474886676, 35.9581296036705],
            [-79.082782932374, 35.9578374670831],
            [-79.0824194602976, 35.9574465858771],
            [-79.0822561483272, 35.957242682417],
            [-79.0821305011195, 35.9570625554922],
            [-79.0820090037131, 35.9568518242253],
            [-79.0819334977431, 35.9566274606363],
            [-79.0818719766926, 35.9564142599662],
            [-79.0817894589572, 35.9561429222323],
            [-79.0816354771663, 35.9555497913357],
            [-79.081417193873, 35.9547406849667],
            [-79.0811318152338, 35.9537446106088],
            [-79.0808380176626, 35.9526873360597],
            [-79.0807960183512, 35.9525071520418],
            [-79.080724673817, 35.9522555827802],
            [-79.0806114568331, 35.9519496374927],
            [-79.0804773529713, 35.9516641074185],
            [-79.0803474504172, 35.9513989759872],
            [-79.080158976792, 35.9511066801442],
            [-79.0803637179569, 35.9509365344124],
            [-79.080614416552, 35.9507255557089],
            [-79.0810155194954, 35.9503750670753],
            [-79.0814834611251, 35.9499599280286],
            [-79.0818093574674, 35.9496808915482],
            [-79.0819681220671, 35.9495413753284],
            [-79.0821226957929, 35.9493916618142],
            [-79.0822563546989, 35.9492385616215],
            [-79.0823816440782, 35.9490786666872],
            [-79.0825110722816, 35.9488779656068],
            [-79.0826028964506, 35.9487078922327],
            [-79.0826779893792, 35.9485344295419],
            [-79.0826987618953, 35.9484018068201],
            [-79.0827278985548, 35.9482691784205],
            [-79.0830490244346, 35.9474291035911],
            [-79.0831770492911, 35.947429333686],
            [-79.0832804834798, 35.9471606055194],
            [-79.0831781154078, 35.9471602471962],
            [-79.0830740748142, 35.9471610399724],
            [-79.0823075478718, 35.9471631490522],
            [-79.0814536482367, 35.9471678568916],
            [-79.0814594952738, 35.9466869322935],
            [-79.0814686844312, 35.9461701204713],
            [-79.0814932569854, 35.9441646917926],
            [-79.0815456970254, 35.9429902534534],
            [-79.0808236792363, 35.9413994630015],
            [-79.0801968868683, 35.9399943802865],
            [-79.0767938271626, 35.9400022926957],
            [-79.0763238824626, 35.9399982017402],
            [-79.0762973766328, 35.9394630222474],
            [-79.0762885985048, 35.9392879442799],
            [-79.0762591228824, 35.9387410154258],
            [-79.0762411360586, 35.9383922422318],
            [-79.0761947717276, 35.9375151815446],
            [-79.0761375795513, 35.9366334856399],
            [-79.0760730891988, 35.9356560647577],
            [-79.076047373684, 35.9348695054931],
            [-79.0760044858114, 35.9344400119623],
            [-79.0759479233967, 35.9340712561278],
            [-79.0757598515154, 35.9333368389508],
            [-79.075590789001, 35.9328889079637],
            [-79.0754340624796, 35.9325474057612],
            [-79.075310292598, 35.9323620405926],
            [-79.0749301422781, 35.9317372231653],
            [-79.0742657889441, 35.9306099202336],
            [-79.0740238161304, 35.9301845300339],
            [-79.074000688417, 35.930141059206],
            [-79.0739690346182, 35.9300748628421],
            [-79.0739434656623, 35.9300205211409],
            [-79.0739191189507, 35.9299721092243],
            [-79.0738886879884, 35.9299148069908],
            [-79.0738533864551, 35.9298476240773],
            [-79.0738253903348, 35.9297952612602],
            [-79.0737924823048, 35.9296865685623],
            [-79.0737705486472, 35.9296203653575],
            [-79.0737571240703, 35.9295571222715],
            [-79.0737497981923, 35.9295185836458],
            [-79.0737400357806, 35.9294731272363],
            [-79.0737314879363, 35.9294276709927],
            [-79.0737217038881, 35.9293584960676],
            [-79.0737106915623, 35.9292754851733],
            [-79.073697238428, 35.9291796286643],
            [-79.0736947881638, 35.9291588759816],
            [-79.0736947574925, 35.9291252738513],
            [-79.0736983636683, 35.9290817868044],
            [-79.0736976835756, 35.9290469331639],
            [-79.0737037374582, 35.9288393193705],
            [-79.0737950340733, 35.9279500030323],
            [-79.073981892292, 35.9262394200717],
            [-79.0740543058502, 35.925875329323],
            [-79.0741667189692, 35.9251739808706],
            [-79.0741730374811, 35.9251583530268],
            [-79.0741882082715, 35.9251277807843],
            [-79.074195371157, 35.9251121524258],
            [-79.07419831166, 35.9250960110912],
            [-79.0741991408937, 35.9250795276455],
            [-79.0741970147942, 35.9250630459963],
            [-79.0741932002497, 35.9250469087681],
            [-79.0741872750711, 35.9250311162173],
            [-79.0741805058299, 35.9250156675737],
            [-79.0741733132931, 35.9250002191869],
            [-79.0741673881217, 35.9249844266349],
            [-79.074157664505, 35.924970009969],
            [-79.0741454090148, 35.9249569693204],
            [-79.0741327314951, 35.9249440992721],
            [-79.0741196319486, 35.9249314025281],
            [-79.074106954437, 35.924918532477],
            [-79.0740972306819, 35.9249039445595],
            [-79.0740917278799, 35.9248883238947],
            [-79.0740879132068, 35.9248720145142],
            [-79.0740840986932, 35.9248558772815],
            [-79.0740798619919, 35.9248397403047],
            [-79.0740823798467, 35.9248230845866],
            [-79.0740874316222, 35.924807285366],
            [-79.0741013526735, 35.9247950859537],
            [-79.0741089382076, 35.924779971983],
            [-79.0741139896601, 35.9247638293667],
            [-79.0741160856311, 35.9247475163969],
            [-79.0741126921983, 35.9247313789085],
            [-79.0741067669014, 35.9247154151054],
            [-79.074104218799, 35.9246991049553],
            [-79.0741096927509, 35.9246833054768],
            [-79.0741177004613, 35.9246681912486],
            [-79.0741227520622, 35.9246522198778],
            [-79.0741214703659, 35.9246357377119],
            [-79.0741163894504, 35.9246197733958],
            [-79.0741049779229, 35.9246062166862],
            [-79.0740918784348, 35.9245935190363],
            [-79.0740804670722, 35.9245801335709],
            [-79.0740724314838, 35.9245648578354],
            [-79.0740660841764, 35.9245490655321],
            [-79.0740686024971, 35.9245329244535],
            [-79.0740728094091, 35.924516610202],
            [-79.0740753275704, 35.9245002978764],
            [-79.0740744680735, 35.9244838154529],
            [-79.0740757184054, 35.9244673317486],
            [-79.0740786587509, 35.9244510182652],
            [-79.0740853995676, 35.924435561412],
            [-79.0740980532064, 35.9244225047316],
            [-79.0741039502724, 35.9244077342776],
            [-79.074098447188, 35.9243917702158],
            [-79.0740878795963, 35.9243776974483],
            [-79.0740752021775, 35.9243648282926],
            [-79.074060837276, 35.9243533337385],
            [-79.0740447847337, 35.9243430416373],
            [-79.0740257814548, 35.9243377309977],
            [-79.0740055157103, 35.924336885252],
            [-79.0739852498085, 35.924335867355],
            [-79.0739654045217, 35.9243331331274],
            [-79.0739468226503, 35.9243269632827],
            [-79.0739295048259, 35.9243180455117],
            [-79.0739130305929, 35.9243082691913],
            [-79.0738969785502, 35.9242984926129],
            [-79.0738813480694, 35.9242880289878],
            [-79.0738665611794, 35.9242767059126],
            [-79.0738534617823, 35.9242640082355],
            [-79.0738369864613, 35.9242542319052],
            [-79.0738196689787, 35.924245657513],
            [-79.0738006652671, 35.924239832197],
            [-79.073780820637, 35.9242377838271],
            [-79.0737605546064, 35.9242365946461],
            [-79.0737407087244, 35.9242331735929],
            [-79.073721283618, 35.924228205654],
            [-79.0737022799176, 35.9242223803227],
            [-79.073683697465, 35.9242155236486],
            [-79.073665115486, 35.9242091825141],
            [-79.073645690547, 35.9242043867111],
            [-79.0736258443646, 35.9242006222446],
            [-79.0736059991225, 35.9241978870571],
            [-79.0735857320096, 35.9241954964169],
            [-79.0735658870829, 35.9241931046175],
            [-79.0735456198155, 35.9241905418226],
            [-79.0735261958263, 35.9241867761842],
            [-79.0735067705891, 35.9241816378658],
            [-79.0734877672269, 35.9241761549942],
            [-79.0734683405883, 35.9241694709435],
            [-79.0734489133282, 35.9241621001006],
            [-79.0734303348152, 35.9241595362703],
            [-79.073413453944, 35.9241667577152],
            [-79.0733982668076, 35.9241794724548],
            [-79.0733851904401, 35.9241920146766],
            [-79.0733750709304, 35.9242062720929],
            [-79.0733657962567, 35.9242210436418],
            [-79.0733565218916, 35.9242361585845],
            [-79.0733468247138, 35.9242505878924],
            [-79.0733324803642, 35.9242615851433],
            [-79.073313911186, 35.9242693231313],
            [-79.073294917636, 35.9242746576083],
            [-79.073274651915, 35.9242738117412],
            [-79.0732543880628, 35.9242750253366],
            [-79.0732341215639, 35.9242733214271],
            [-79.0732138580235, 35.9242748793116],
            [-79.0731940176025, 35.9242774671231],
            [-79.0731741778026, 35.9242807417205],
            [-79.0731543384674, 35.9242845309558],
            [-79.0731344938427, 35.9242824824809],
            [-79.0731146471981, 35.9242782023889],
            [-79.0730939603802, 35.9242785590762],
            [-79.0729211791424, 35.9243257877257],
            [-79.0716616654891, 35.9230663911743],
            [-79.0715530528256, 35.9229571165312],
            [-79.0715331220359, 35.9229374429455],
            [-79.0710470830444, 35.9224745375959],
            [-79.0705784485328, 35.9220116201702],
            [-79.0688854829819, 35.9203222850362],
            [-79.0682673961582, 35.9197056466297],
            [-79.0680120617342, 35.919402755005],
            [-79.0678405957704, 35.9190534046681],
            [-79.0677966807566, 35.9187176298398],
            [-79.0678131797741, 35.9183818213981],
            [-79.0679370763389, 35.9180459504673],
            [-79.0681415485559, 35.9177427939773],
            [-79.068260762151, 35.9176227137642],
            [-79.0687870476371, 35.9171059485815],
            [-79.0687573388221, 35.9169251481462],
            [-79.0686844137523, 35.916461626687],
            [-79.0681102937648, 35.916521135109],
            [-79.0680890289455, 35.9163881996628],
            [-79.0680678392154, 35.9162535652119],
            [-79.0680461265897, 35.9161097323626],
            [-79.0680325523645, 35.9160278972774],
            [-79.0680249401741, 35.9159788608213],
            [-79.0679905328331, 35.9157592148567],
            [-79.0679825579934, 35.9157070835265],
            [-79.0679613700274, 35.9155741218378],
            [-79.0679272940491, 35.9153567910816],
            [-79.0679064974955, 35.9152252820464],
            [-79.0678848533667, 35.9150884512874],
            [-79.0678657535826, 35.9149665563733],
            [-79.067856842378, 35.9149114467388],
            [-79.0678411396319, 35.9148118706579],
            [-79.0678160971968, 35.914650832793],
            [-79.0677838428201, 35.9144472169204],
            [-79.0677702623103, 35.914361204226],
            [-79.0677256996236, 35.914078099429],
            [-79.0677082977301, 35.9139654751951],
            [-79.0677036296578, 35.9139361178763],
            [-79.0676887639697, 35.9138288153159],
            [-79.0676722060124, 35.913715675955],
            [-79.0675708992875, 35.9137213994805],
            [-79.0674240081172, 35.9137340178406],
            [-79.06727585065, 35.9137468079692],
            [-79.0671310665093, 35.9137565054978],
            [-79.0671090025283, 35.9136203615511],
            [-79.067104758108, 35.9135925488045],
            [-79.0670877794913, 35.9134814699628],
            [-79.0670805647735, 35.9134351154585],
            [-79.0670669850401, 35.9133489305052],
            [-79.067055949229, 35.9132761365976],
            [-79.06704533902, 35.913208836791],
            [-79.067030909691, 35.9131161286683],
            [-79.0670241191614, 35.9130721776943],
            [-79.0670067204896, 35.9129633306752],
            [-79.0670033260916, 35.9129423853744],
            [-79.0669821068011, 35.9128062409004],
            [-79.0669782870149, 35.912781347226],
            [-79.0669604612164, 35.9126663192919],
            [-79.0669392417861, 35.9125298314006],
            [-79.0666813379267, 35.912547490317],
            [-79.0666690044734, 35.9124376111737],
            [-79.0666566731525, 35.9123289325583],
            [-79.0666349799477, 35.9121304622854],
            [-79.0663230418974, 35.9121436866928],
            [-79.0662946073113, 35.9119594705046],
            [-79.0662649011381, 35.9117687304584],
            [-79.0662084602162, 35.911405620847],
            [-79.0661046252575, 35.9114134049113],
            [-79.0659307232725, 35.9114270672066],
            [-79.0659008816818, 35.9110690930778],
            [-79.0658964471934, 35.9110072679006],
            [-79.0657961890515, 35.9110177365561],
            [-79.0655942715702, 35.9106299659535],
            [-79.0654148147568, 35.9103150740082],
            [-79.0652374924661, 35.9099993126671],
            [-79.0649447299298, 35.9093825060137],
            [-79.0648004762741, 35.9090649904161],
            [-79.0646498245942, 35.9087474780014],
            [-79.0645002398819, 35.9084299638991],
            [-79.0643474556846, 35.9081124521657],
            [-79.0641946744863, 35.9077958081588],
            [-79.0639147195238, 35.9071694460933],
            [-79.0638786110889, 35.9070703215487],
            [-79.0639037813481, 35.9068275601147],
            [-79.0639988205152, 35.9068319384108],
            [-79.0644546931281, 35.9068440526283],
            [-79.064539113951, 35.9068462378312],
            [-79.0647273725427, 35.906851285458],
            [-79.0649561542401, 35.9068573414194],
            [-79.0660405419478, 35.9068859264316],
            [-79.0662285403965, 35.9065748754651],
            [-79.0662031545458, 35.9065027758822],
            [-79.0666268898665, 35.9064462200262],
            [-79.0669610351418, 35.9062621412708],
            [-79.0672484445816, 35.9062195687207],
            [-79.0672695516092, 35.9062224755097],
            [-79.0675895109517, 35.9062386041905],
            [-79.0675882037224, 35.9061896703924],
            [-79.0677528049638, 35.9061722344015],
            [-79.0678684476948, 35.9061598060385],
            [-79.0678677240903, 35.9063019727954],
            [-79.0679242733462, 35.9062887191928],
            [-79.0680964532662, 35.9062486143187],
            [-79.0682606147208, 35.906210230672],
            [-79.0684264642403, 35.9061716737079],
            [-79.0685977996239, 35.9061317398458],
            [-79.0687657586936, 35.9060924953406],
            [-79.0689601617634, 35.9058817074941],
            [-79.0690390215816, 35.9057985590122],
            [-79.0695007570155, 35.9052734058767],
            [-79.0696167161572, 35.9051414725709],
            [-79.0696884005987, 35.9050600447254],
            [-79.0698220705936, 35.9049081840617],
            [-79.0698760433401, 35.9048468563194],
            [-79.0701522349565, 35.9045326552466],
            [-79.0703558996161, 35.9043012558923],
            [-79.0706422075139, 35.9039757157016],
            [-79.0701272535156, 35.903958681561],
            [-79.0697136043436, 35.9039465644149],
            [-79.069714004785, 35.9039214961843],
            [-79.0697144021134, 35.9038928218331],
            [-79.0697560588009, 35.9032583701069],
            [-79.0697652240492, 35.9031189455313],
            [-79.0698189676, 35.9023081516367],
            [-79.0698243822388, 35.9022245316991],
            [-79.0699881593421, 35.9022400592942],
            [-79.0698743340208, 35.90142301142],
            [-79.0698912140206, 35.9014199111733],
            [-79.0699110480407, 35.9014162936846],
            [-79.0699275061192, 35.9014133649228],
            [-79.0699671747462, 35.9014068167252],
            [-79.0699870092064, 35.9014037147709],
            [-79.0700068435159, 35.9014004406641],
            [-79.0700266779722, 35.901397337802],
            [-79.0700469344945, 35.9013942355958],
            [-79.0700667689478, 35.9013911327273],
            [-79.070086603549, 35.9013882020048],
            [-79.0701064380001, 35.9013851000312],
            [-79.0701262725983, 35.9013821693023],
            [-79.0701465294112, 35.9013794104769],
            [-79.0701663640066, 35.9013764797415],
            [-79.0701861987494, 35.901373720251],
            [-79.0702064555581, 35.9013709614157],
            [-79.0702461250376, 35.9013654433196],
            [-79.0702663819913, 35.9013628557223],
            [-79.0703060517616, 35.9013576810043],
            [-79.0703263087114, 35.901355093397],
            [-79.0703461437433, 35.9013526781792],
            [-79.0703664006906, 35.9013500905654],
            [-79.0703862357192, 35.9013476744397],
            [-79.0704064929633, 35.9013454302167],
            [-79.0704263279904, 35.9013430149858],
            [-79.0704465852322, 35.9013407707561],
            [-79.0704664204065, 35.9013385267667],
            [-79.0704866776459, 35.9013362825304],
            [-79.0705069350346, 35.90133421044],
            [-79.0705267702055, 35.9013319664409],
            [-79.0705470275913, 35.9013298934425],
            [-79.0705668629105, 35.9013278215862],
            [-79.0706073779779, 35.9013240198716],
            [-79.0706272132941, 35.9013219480055],
            [-79.0707137307258, 35.9013148559882],
            [-79.0709327672933, 35.9012966964122],
            [-79.071050516207, 35.901288040255],
            [-79.0712163774515, 35.9012757497849],
            [-79.0712514062101, 35.901272638755],
            [-79.0712712416482, 35.9012707380322],
            [-79.0712915005624, 35.9012691804565],
            [-79.0713117585192, 35.901267794126],
            [-79.0713320166274, 35.9012665799415],
            [-79.0713725334488, 35.9012648383574],
            [-79.0713927921624, 35.9012643109577],
            [-79.071413051028, 35.9012639557041],
            [-79.071433310197, 35.9012639438445],
            [-79.0714738288383, 35.9012642626114],
            [-79.071494088463, 35.9012647653873],
            [-79.0715346083215, 35.9012664577238],
            [-79.0715544464896, 35.901267647532],
            [-79.0715747068761, 35.9012690083374],
            [-79.0715949674167, 35.9012705421902],
            [-79.0716152282617, 35.9012724185357],
            [-79.0716350671935, 35.9012744663737],
            [-79.0716553283451, 35.9012766861101],
            [-79.0716751675844, 35.9012790782403],
            [-79.0716954290432, 35.9012816413674],
            [-79.0717182235098, 35.9012848897975],
            [-79.0719313932036, 35.9013142919966],
            [-79.0721509341178, 35.9013873024537],
            [-79.0723936740023, 35.9014446728084],
            [-79.072673987359, 35.9015109477409],
            [-79.0730639748126, 35.9016019774663],
            [-79.0732095340027, 35.9013856705008],
            [-79.0732887172209, 35.9012669272598],
            [-79.0736431588665, 35.9007033632112],
            [-79.0742110529183, 35.8997781543132],
            [-79.07412025628, 35.8997457985212],
            [-79.0741310099277, 35.8997283228629],
            [-79.0736987433518, 35.8987215781076],
            [-79.0734023488974, 35.8985969365893],
            [-79.0729251217193, 35.897593217083],
            [-79.0728826380911, 35.8972571061961],
            [-79.0730145240023, 35.8970213029899],
            [-79.0732537679467, 35.8968628971843],
            [-79.0738644729856, 35.8967340565883],
            [-79.0739116085089, 35.8952108826706],
            [-79.0739484874289, 35.8940108521497],
            [-79.0739570731641, 35.8937096864135],
            [-79.0755442892305, 35.8936800081113],
            [-79.0752890622243, 35.893625899899],
            [-79.0753480011074, 35.8934671061042],
            [-79.0755258113899, 35.8933275204361],
            [-79.0756991588802, 35.8932158057378],
            [-79.0759844311444, 35.8929714386006],
            [-79.0760912052952, 35.8927552273653],
            [-79.0761143370392, 35.8926709081034],
            [-79.0761644837237, 35.8925925809984],
            [-79.0761998757983, 35.8925314330235],
            [-79.0762165952768, 35.8923616114538],
            [-79.0762232140797, 35.8922201261303],
            [-79.0761787907302, 35.8921032279486],
            [-79.0761807934585, 35.8919893895501],
            [-79.0762536699315, 35.8918500944541],
            [-79.0762751392842, 35.8917934193272],
            [-79.0763527354658, 35.8917353345834],
            [-79.0764142985053, 35.8916810381213],
            [-79.0766176258194, 35.8915919657871],
            [-79.0766479586668, 35.8915380331142],
            [-79.0766888382255, 35.8914791131677],
            [-79.0767508080118, 35.8914091911758],
            [-79.0767916278515, 35.8912876013852],
            [-79.076815612793, 35.8912153003689],
            [-79.0768560970088, 35.8911847114678],
            [-79.076922740451, 35.8911482673785],
            [-79.07698895953, 35.8911094206292],
            [-79.07708128861, 35.8910132088288],
            [-79.0771466088702, 35.8909171861881],
            [-79.0772127356184, 35.8907832169648],
            [-79.0772530810376, 35.8906078849035],
            [-79.0772871140905, 35.8904524748595],
            [-79.077286360593, 35.8899555210784],
            [-79.0770772544899, 35.8899475136466],
            [-79.07714262883, 35.8897617195707],
            [-79.0772046054627, 35.8896010858622],
            [-79.0773759223423, 35.8891251424073],
            [-79.0774415331983, 35.8889436886749],
            [-79.0759296420348, 35.8887679218981],
            [-79.074374927793, 35.8886035902057],
            [-79.074390528198, 35.8872610165515],
            [-79.0743982276979, 35.8862310596012],
            [-79.0743982711263, 35.8862252992959],
            [-79.0743988201042, 35.8861575401997],
            [-79.0743988431364, 35.8861548885285],
            [-79.0743988480466, 35.8861542071344],
            [-79.0743989586726, 35.8861396328672],
            [-79.0744002523459, 35.8860374387247],
            [-79.0744155281046, 35.8841161967278],
            [-79.0744247331507, 35.883277292405],
            [-79.074440883611, 35.8830745270038],
            [-79.0744054081172, 35.8829903444699],
            [-79.0747525258077, 35.8829325185711],
            [-79.074868264056, 35.8829490668829],
            [-79.0749689913996, 35.8829268462598],
            [-79.0750589516899, 35.8830398019529],
            [-79.0751924835182, 35.8831571624756],
            [-79.075350430255, 35.883175899728],
            [-79.0755942310682, 35.8832821127133],
            [-79.0756745262867, 35.8832499320549],
            [-79.0757671251135, 35.8832709256165],
            [-79.0760886592415, 35.8835144753806],
            [-79.0762371245858, 35.88358418298],
            [-79.0764958420459, 35.8836261230914],
            [-79.0765733655485, 35.8835418702882],
            [-79.0767244948301, 35.8835484234007],
            [-79.07677756201, 35.8835173668545],
            [-79.0768905433188, 35.8834962446483],
            [-79.076875613539, 35.8835450042175],
            [-79.0770457676689, 35.8835149823213],
            [-79.0771219621137, 35.8834650762995],
            [-79.0772962535979, 35.8834904487729],
            [-79.0773139701772, 35.8835081645482],
            [-79.077399688422, 35.8834527128528],
            [-79.0774623154551, 35.8834515653862],
            [-79.0775172190189, 35.8824975835803],
            [-79.0780004334341, 35.882394236624],
            [-79.0780152478365, 35.882226926458],
            [-79.0807340878503, 35.8822694747831],
            [-79.0806664609412, 35.8826739924271],
            [-79.0813117598982, 35.8826867889343],
            [-79.0812874141191, 35.8828463500382],
            [-79.0812763219103, 35.8834262237659],
            [-79.0822030141909, 35.8834442581468],
            [-79.0822150761984, 35.8837215458469],
            [-79.0828131174304, 35.883720645584],
            [-79.0827858394142, 35.8834112635359],
            [-79.0827856321007, 35.883208962388],
            [-79.0827957349356, 35.8829602943365],
            [-79.082811102927, 35.8827959152085],
            [-79.0828625204292, 35.8824334247763],
            [-79.0829810288239, 35.8818433000426],
            [-79.083013552024, 35.8816307709479],
            [-79.0830134848029, 35.881565353726],
            [-79.0830168446277, 35.8815498984348],
            [-79.0830168296297, 35.8815353034899],
            [-79.0830168149847, 35.8815210519449],
            [-79.0830201756897, 35.8815064556037],
            [-79.0830201608681, 35.8814920328092],
            [-79.0830201460464, 35.8814776100147],
            [-79.0830201312247, 35.8814631872201],
            [-79.0830201162262, 35.8814485922748],
            [-79.0830201015815, 35.8814343416306],
            [-79.0830234622814, 35.8814197443875],
            [-79.0830234472832, 35.8814051503433],
            [-79.0830234315295, 35.8813908987983],
            [-79.0830234161783, 35.8813759613541],
            [-79.0830234015321, 35.8813617098082],
            [-79.0830233865339, 35.8813471157637],
            [-79.0830233717117, 35.8813326929685],
            [-79.0830233568895, 35.8813182701731],
            [-79.0830233420664, 35.8813038464763],
            [-79.0830199513752, 35.881289254729],
            [-79.0830199367305, 35.881275004084],
            [-79.083019921732, 35.8812604091378],
            [-79.0830199067335, 35.8812458141914],
            [-79.0830198920889, 35.8812315635462],
            [-79.0830198767375, 35.8812166251998],
            [-79.0830164864035, 35.8812023768519],
            [-79.0830164714056, 35.8811877819053],
            [-79.0830164565847, 35.8811733591091],
            [-79.0830164417637, 35.8811589363129],
            [-79.0830130512558, 35.881144515814],
            [-79.0830130364355, 35.8811300930177],
            [-79.0830130205077, 35.881115670222],
            [-79.0830096298262, 35.8811010784735],
            [-79.0830096151825, 35.8810868269262],
            [-79.0830062245028, 35.8810722351775],
            [-79.0830062098606, 35.8810579845314],
            [-79.083002819182, 35.8810433918811],
            [-79.0830028045403, 35.8810291412348],
            [-79.0829994138634, 35.8810145485842],
            [-79.0829993992224, 35.8810002979379],
            [-79.0829960085474, 35.8809857052871],
            [-79.082995993907, 35.8809714546405],
            [-79.0829926032337, 35.8809568619895],
            [-79.0829892129154, 35.8809426136395],
            [-79.0829891980994, 35.8809281908421],
            [-79.082985807606, 35.8809137703413],
            [-79.0829824171138, 35.8808993498403],
            [-79.0829824024749, 35.880885098292],
            [-79.0829790118087, 35.8808705065414],
            [-79.0829756207407, 35.88085660069],
            [-79.0829722300768, 35.8808420089391],
            [-79.0829722154397, 35.8808277573905],
            [-79.0829688251305, 35.8808135090393],
            [-79.0829654346455, 35.8807990885373],
            [-79.0829620443386, 35.8807848401858],
            [-79.0829586540319, 35.8807705909328],
            [-79.0829552637274, 35.8807563425809],
            [-79.0829518734232, 35.8807420933276],
            [-79.0829484829443, 35.8807276728248],
            [-79.0829450929959, 35.8807137678724],
            [-79.0829417026952, 35.8806995186185],
            [-79.0829383122199, 35.8806850981152],
            [-79.0829349222751, 35.8806711931623],
            [-79.082931531979, 35.8806569448093],
            [-79.0829281422123, 35.8806432111054],
            [-79.0823338625489, 35.8785249182987],
            [-79.081269774282, 35.8787265419264],
            [-79.0813249372199, 35.8789120098936],
            [-79.0785374201783, 35.8788172842804],
            [-79.0777326723471, 35.8787893660547],
            [-79.0778374206567, 35.8775672576425],
            [-79.0778692697276, 35.8766878721184],
            [-79.0778833389315, 35.8762733433261],
            [-79.0779362782352, 35.8746456859874],
            [-79.0764478029085, 35.8746757927693],
            [-79.0757584264127, 35.8746919589673],
            [-79.0745063991575, 35.8746905328125]
          ]
        ]
      },
      "properties": {
        "OBJECTID": 2,
        "URBANSER_": 2,
        "URBANSER_I": 1,
        "DATE": 804470400000,
        "Shape__Area": 715041787.411769,
        "Shape__Length": 158917.477493298
      }
    }
  ]
}